label,rank,gene,scores,pval,qval,log2fc,mean_in_norm,mean_out_norm,pct_in,pct_out,auc_norm_expr,cells_in_label,label_frequency
B cell,1,ENSG00000187514,7.811577,5.647689398008355e-15,1.1417762525622184e-10,2.5157845,92.48888,16.171968,1.0,0.87480533,0.94228154,26,0.00016589461863379402
B cell,2,ENSG00000077420,7.7190423,1.1720699048796171e-14,1.1417762525622184e-10,6.2593393,4.2484713,0.05546051,0.88461536,0.028602425,0.93704236,26,0.00016589461863379402
B cell,3,ENSG00000166710,7.686713,1.5096275907921146e-14,1.1417762525622184e-10,2.6577485,34.864548,5.5248694,0.96153843,0.73186344,0.93521184,26,0.00016589461863379402
B cell,4,ENSG00000019582,7.6854496,1.524604423237039e-14,1.1417762525622184e-10,6.363068,13.00121,0.15794629,0.88461536,0.050446715,0.9351404,26,0.00016589461863379402
B cell,5,ENSG00000104894,7.572501,3.661055633503301e-14,2.1934116511444975e-10,5.5175576,6.1069584,0.13331364,0.88461536,0.047957882,0.9287454,26,0.00016589461863379402
B cell,6,ENSG00000111348,7.500578,6.353707707747494e-14,3.172194468221399e-10,4.374008,6.8831744,0.3319564,0.88461536,0.10918953,0.9246733,26,0.00016589461863379402
B cell,7,ENSG00000152601,7.4061856,1.2998370005958642e-13,5.562559598549959e-10,2.4746187,7.484986,1.3466555,0.96153843,0.4816975,0.9193289,26,0.00016589461863379402
B cell,8,ENSG00000132465,6.791616,1.108843177244443e-11,4.1520632771918165e-08,13.929342,18.912127,0.0012122443,0.7692308,0.000606254,0.8845327,26,0.00016589461863379402
B cell,9,ENSG00000007312,6.755379,1.4246225933568968e-11,4.2814028357371576e-08,9.044959,9.827945,0.018606242,0.7692308,0.014167199,0.882481,26,0.00016589461863379402
B cell,10,ENSG00000136104,6.754911,1.4292304832878748e-11,4.2814028357371576e-08,3.3358088,4.276123,0.42351782,0.84615386,0.25334397,0.88245445,26,0.00016589461863379402
Schwann cell,1,ENSG00000160307,44.59115,0.0,0.0,6.264848,24.840828,0.3230419,0.9280397,0.06924064,0.95458126,806,0.0051427331776476145
Schwann cell,2,ENSG00000158887,41.63182,0.0,0.0,7.2595415,13.86051,0.09045644,0.8560794,0.022389688,0.92441255,806,0.0051427331776476145
Schwann cell,3,ENSG00000071991,39.794006,0.0,0.0,6.240783,7.323793,0.09684408,0.82506204,0.016854797,0.90567714,806,0.0051427331776476145
Schwann cell,4,ENSG00000107874,38.347744,0.0,0.0,3.4258235,10.169383,0.9462785,0.87593055,0.46498847,0.89093333,806,0.0051427331776476145
Schwann cell,5,ENSG00000143013,37.239468,1.5690032960216113e-303,9.400212547124677e-300,3.2050703,10.644205,1.1542262,0.882134,0.4609864,0.8796351,806,0.0051427331776476145
Schwann cell,6,ENSG00000151914,36.28441,2.8504188227761984e-288,1.4231191042513967e-284,3.5379755,8.341103,0.7181029,0.837469,0.30452156,0.8698988,806,0.0051427331776476145
Schwann cell,7,ENSG00000167614,35.65559,1.930218351847366e-278,8.260231563991385e-275,3.8738987,5.826546,0.3974216,0.7841191,0.10306568,0.8634883,806,0.0051427331776476145
Schwann cell,8,ENSG00000145362,34.67162,2.110061537548154e-263,7.901125427349062e-260,3.5221574,6.9210973,0.60242075,0.7965261,0.23462032,0.85345733,806,0.0051427331776476145
Schwann cell,9,ENSG00000134532,34.43992,6.374641514712639e-260,2.1217640134970203e-256,2.955078,7.800891,1.0059516,0.82754344,0.24707542,0.8510952,806,0.0051427331776476145
Schwann cell,10,ENSG00000109099,32.954575,3.6380371447931725e-238,1.0898104070942427e-234,2.6630876,13.423931,2.1193879,0.86600494,0.51189715,0.835953,806,0.0051427331776476145
Schwann cell precursor,1,ENSG00000160307,73.55617,0.0,0.0,5.989001,15.343362,0.2415748,0.93686163,0.061628237,0.96069354,2154,0.01374373109758432
Schwann cell precursor,2,ENSG00000164106,71.58671,0.0,0.0,6.2880983,5.869375,0.07510791,0.90761375,0.04081593,0.94835854,2154,0.01374373109758432
Schwann cell precursor,3,ENSG00000071991,70.4112,0.0,0.0,6.859998,6.0272555,0.051886503,0.8890436,0.008914939,0.94099617,2154,0.01374373109758432
Schwann cell precursor,4,ENSG00000167614,68.5743,0.0,0.0,3.933911,5.434019,0.35554612,0.9085423,0.095392436,0.92949134,2154,0.01374373109758432
Schwann cell precursor,5,ENSG00000106278,66.134445,0.0,0.0,4.916652,4.529704,0.14997195,0.85979575,0.05482882,0.91421014,2154,0.01374373109758432
Schwann cell precursor,6,ENSG00000151914,65.20573,0.0,0.0,3.4096715,7.107536,0.6688145,0.91457754,0.29879928,0.90839344,2154,0.01374373109758432
Schwann cell precursor,7,ENSG00000107874,64.09396,0.0,0.0,3.0054505,7.276669,0.9061537,0.92432684,0.46073028,0.9014303,2154,0.01374373109758432
Schwann cell precursor,8,ENSG00000122406,63.6247,0.0,0.0,1.7020565,65.34262,20.082903,0.99535745,0.8965078,0.89849126,2154,0.01374373109758432
Schwann cell precursor,9,ENSG00000158887,63.368816,0.0,0.0,5.853935,5.2368107,0.09054341,0.8045497,0.01583728,0.8968886,2154,0.01374373109758432
Schwann cell precursor,10,ENSG00000134532,61.59531,0.0,0.0,2.8707387,7.005549,0.9577754,0.9141133,0.24080688,0.8857809,2154,0.01374373109758432
arachnoid barrier cell,1,ENSG00000083067,40.759335,0.0,0.0,3.7513323,57.695,4.284248,0.98531574,0.26670513,0.9518662,681,0.004345162895754374
arachnoid barrier cell,2,ENSG00000173068,40.596966,0.0,0.0,3.0268924,28.941923,3.5509286,0.99412626,0.41902015,0.9500663,681,0.004345162895754374
arachnoid barrier cell,3,ENSG00000107317,38.76203,0.0,0.0,4.024166,235.80136,14.492779,0.9676946,0.34527218,0.9297237,681,0.004345162895754374
arachnoid barrier cell,4,ENSG00000080493,38.65311,0.0,0.0,4.288017,14.820382,0.7586434,0.9148311,0.15705085,0.9285162,681,0.004345162895754374
arachnoid barrier cell,5,ENSG00000158296,37.94698,0.0,0.0,4.727118,10.318824,0.38960618,0.8957416,0.14350347,0.9206879,681,0.004345162895754374
arachnoid barrier cell,6,ENSG00000133083,37.66687,1.73239662377304e-310,8.649278876957518e-307,3.3192337,16.104279,1.6134384,0.95301026,0.3275978,0.9175825,681,0.004345162895754374
arachnoid barrier cell,7,ENSG00000078114,37.563183,8.583684349408653e-309,3.673326405298366e-305,4.9274263,9.814559,0.32252815,0.8751836,0.14247172,0.9164331,681,0.004345162895754374
arachnoid barrier cell,8,ENSG00000121742,37.19603,7.910772148493104e-303,2.9621886310032424e-299,4.915361,11.757094,0.38960898,0.8575624,0.087083854,0.91236275,681,0.004345162895754374
arachnoid barrier cell,9,ENSG00000170017,36.99314,1.4760827374994135e-299,4.91305938717027e-296,2.4457347,19.357557,3.5531297,0.98237884,0.4178346,0.91011345,681,0.004345162895754374
arachnoid barrier cell,10,ENSG00000151012,36.71555,4.124802325797822e-295,1.2356257847159955e-291,3.5311058,20.632332,1.7847588,0.938326,0.29160178,0.90703607,681,0.004345162895754374
capillary endothelial cell,1,ENSG00000078596,99.22218,0.0,0.0,5.239962,90.00806,2.381747,0.9988297,0.43680695,0.9953608,3418,0.021808761788088767
capillary endothelial cell,2,ENSG00000184113,97.474785,0.0,0.0,4.5057955,37.40208,1.6463275,0.99678177,0.19203173,0.986637,3418,0.021808761788088767
capillary endothelial cell,3,ENSG00000017483,95.468475,0.0,0.0,5.43654,9.029267,0.20849271,0.96840256,0.07549508,0.9766206,3418,0.021808761788088767
capillary endothelial cell,4,ENSG00000172889,95.231,0.0,0.0,4.0223675,15.474493,0.95227665,0.99502635,0.24701256,0.9754351,3418,0.021808761788088767
capillary endothelial cell,5,ENSG00000103257,93.37939,0.0,0.0,4.77887,9.3623495,0.34103706,0.9602106,0.1181543,0.966191,3418,0.021808761788088767
capillary endothelial cell,6,ENSG00000085276,92.88186,0.0,0.0,4.1264405,9.179573,0.5255815,0.97249854,0.13536802,0.9637071,3418,0.021808761788088767
capillary endothelial cell,7,ENSG00000112335,92.807495,0.0,0.0,2.1583338,15.773007,3.533388,0.9906378,0.79643595,0.9633359,3418,0.021808761788088767
capillary endothelial cell,8,ENSG00000149564,92.7001,0.0,0.0,4.671341,4.8314505,0.18961109,0.9605032,0.05235865,0.9627997,3418,0.021808761788088767
capillary endothelial cell,9,ENSG00000102755,91.713326,0.0,0.0,4.2380557,7.10595,0.37656522,0.9499707,0.042900566,0.9578733,3418,0.021808761788088767
capillary endothelial cell,10,ENSG00000101000,91.597885,0.0,0.0,5.4357533,4.6175094,0.10667999,0.9335869,0.05208469,0.9572969,3418,0.021808761788088767
chondrocyte,1,ENSG00000139329,33.99561,2.586923331234327e-253,7.749387531045549e-249,2.9673364,66.58443,8.513642,0.99774265,0.5367634,0.96692425,443,0.002826589079029644
chondrocyte,2,ENSG00000175183,32.54819,2.220926521150489e-232,3.326503743379202e-228,3.4320955,17.580397,1.6287897,0.9706546,0.45667794,0.94704413,443,0.002826589079029644
chondrocyte,3,ENSG00000122691,32.066536,1.2914185605284143e-225,1.2895244799729726e-221,2.8281293,11.610939,1.6349919,0.9706546,0.42921495,0.9404287,443,0.002826589079029644
chondrocyte,4,ENSG00000184009,31.823977,3.0167227732784594e-222,2.259223684908238e-218,1.566792,84.22152,28.429663,1.0,0.86110455,0.93709713,443,0.002826589079029644
chondrocyte,5,ENSG00000116132,31.240208,3.0325860120088046e-214,1.816882931514715e-210,3.172969,7.99577,0.88654625,0.9390519,0.32304218,0.92907923,443,0.002826589079029644
chondrocyte,6,ENSG00000185532,31.047707,1.2251618184275393e-211,6.116824572135895e-208,2.531384,13.530078,2.3403337,0.98419863,0.33395186,0.9264352,443,0.002826589079029644
chondrocyte,7,ENSG00000156482,30.301004,1.111960682371288e-201,4.7585563144449005e-198,1.292161,59.816593,24.425444,0.993228,0.9371909,0.9161794,443,0.002826589079029644
chondrocyte,8,ENSG00000134532,30.2528,4.7930996976047655e-201,1.7947761817681045e-197,3.234131,9.566945,1.0167234,0.9322799,0.24812679,0.91551733,443,0.002826589079029644
chondrocyte,9,ENSG00000176788,30.210497,1.7244357215618683e-200,5.739688497234148e-197,2.0513072,15.217203,3.671384,0.97291195,0.61022633,0.9149364,443,0.002826589079029644
chondrocyte,10,ENSG00000145425,29.651794,3.2156871354751404e-193,9.63291238302933e-190,1.2655123,62.31548,25.920225,0.9909707,0.9219045,0.90726274,443,0.002826589079029644
choroid plexus epithelial cell,1,ENSG00000118271,140.13618,0.0,0.0,6.373491,1021.81946,12.324298,0.98544854,0.5392782,0.9669824,7903,0.050425583502418235
choroid plexus epithelial cell,2,ENSG00000147246,138.82439,0.0,0.0,6.0295134,35.67244,0.5460953,0.9429331,0.07133306,0.9626111,7903,0.050425583502418235
choroid plexus epithelial cell,3,ENSG00000083067,136.60484,0.0,0.0,3.4744043,33.24263,2.9908555,0.98582816,0.23180556,0.9552148,7903,0.050425583502418235
choroid plexus epithelial cell,4,ENSG00000186094,135.50107,0.0,0.0,5.2069063,5.258593,0.14237529,0.9307858,0.06408284,0.95153666,7903,0.050425583502418235
choroid plexus epithelial cell,5,ENSG00000110195,133.3978,0.0,0.0,6.2687607,19.996809,0.25934365,0.9101607,0.07531094,0.9445278,7903,0.050425583502418235
choroid plexus epithelial cell,6,ENSG00000133640,133.38539,0.0,0.0,4.523693,4.053082,0.17620493,0.92876124,0.087822445,0.94448644,7903,0.050425583502418235
choroid plexus epithelial cell,7,ENSG00000159212,133.33804,0.0,0.0,5.2461925,4.842877,0.12759751,0.9118056,0.06275912,0.94432867,7903,0.050425583502418235
choroid plexus epithelial cell,8,ENSG00000163453,132.18338,0.0,0.0,3.6527286,24.093689,1.9156778,0.9595091,0.28623265,0.94048095,7903,0.050425583502418235
choroid plexus epithelial cell,9,ENSG00000118997,130.25528,0.0,0.0,5.2232122,3.4158628,0.091444336,0.8932051,0.04969662,0.9340558,7903,0.050425583502418235
choroid plexus epithelial cell,10,ENSG00000188596,130.121,0.0,0.0,5.012491,3.4260263,0.10614035,0.896495,0.055811267,0.93360835,7903,0.050425583502418235
choroid plexus macrophage,1,ENSG00000129538,28.543045,3.426679036173088e-179,1.02649597207601e-174,4.5995107,71.033646,2.930039,0.9836601,0.14014831,0.97149247,306,0.0019524520500746527
choroid plexus macrophage,2,ENSG00000011600,28.36817,4.996416076099523e-177,7.483631998781865e-173,4.6346064,16.160343,0.65057147,0.97712415,0.06809871,0.96860373,306,0.0019524520500746527
choroid plexus macrophage,3,ENSG00000165457,28.099909,9.821311858607515e-174,9.806907267881558e-170,4.6154346,15.953805,0.6508486,0.96732026,0.060369518,0.9641724,306,0.0019524520500746527
choroid plexus macrophage,4,ENSG00000204472,27.883877,4.185533925010024e-171,3.1345463564400068e-167,4.075479,18.848927,1.1180089,0.9738562,0.1389656,0.96060383,306,0.0019524520500746527
choroid plexus macrophage,5,ENSG00000170458,27.86485,7.118425676664618e-171,4.264791191403306e-167,4.153695,19.071375,1.0715073,0.9738562,0.06873162,0.9602896,306,0.0019524520500746527
choroid plexus macrophage,6,ENSG00000135218,27.780075,7.551577384000143e-170,3.770250868585138e-166,4.2333403,22.860577,1.2154154,0.9705882,0.1559775,0.95888925,306,0.0019524520500746527
choroid plexus macrophage,7,ENSG00000133800,27.56401,3.006384363273731e-167,1.2865607140889697e-163,4.194119,22.527264,1.2307018,0.96405226,0.07130802,0.9553201,306,0.0019524520500746527
choroid plexus macrophage,8,ENSG00000173372,27.494434,2.0464168808319298e-166,7.66280801027516e-163,4.3392982,15.20677,0.75123894,0.9575163,0.0636939,0.9541708,306,0.0019524520500746527
choroid plexus macrophage,9,ENSG00000163106,27.482906,2.8104833675404773e-166,9.354537750893616e-163,4.398266,9.832137,0.4662705,0.9575163,0.057415932,0.9539804,306,0.0019524520500746527
choroid plexus macrophage,10,ENSG00000100600,27.373964,5.600563139404167e-165,1.677704694039912e-161,3.6194592,16.734047,1.361555,0.9738562,0.3112262,0.9521808,306,0.0019524520500746527
common myeloid progenitor,1,ENSG00000223609,7.533853,4.9264569022149524e-14,1.475769429627511e-09,8.864498,27.04933,0.058033213,1.0,0.018122993,0.9989734,19,0.00012123068284777255
common myeloid progenitor,2,ENSG00000111348,7.354741,1.9129753441569444e-13,2.865254470478271e-09,4.4160743,7.092551,0.33222452,1.0,0.109210186,0.98711073,19,0.00012123068284777255
common myeloid progenitor,3,ENSG00000136938,7.2391644,4.5145783267883747e-13,4.507956945242419e-09,2.2741776,10.357717,2.1412547,1.0,0.6665688,0.97945595,19,0.00012123068284777255
common myeloid progenitor,4,ENSG00000005249,7.1778226,7.083049817763162e-13,5.3044960085228315e-09,4.145679,3.8406768,0.2169872,1.0,0.13863452,0.97539324,19,0.00012123068284777255
common myeloid progenitor,5,ENSG00000135426,7.1449165,9.005071325206176e-13,5.395118332357524e-09,10.131055,2.1225696,0.0018928241,0.94736844,0.0010401577,0.97321385,19,0.00012123068284777255
common myeloid progenitor,6,ENSG00000179348,7.063166,1.6275112096566156e-12,8.12562096607893e-09,6.407412,5.3343773,0.06284353,0.94736844,0.0366863,0.9677994,19,0.00012123068284777255
common myeloid progenitor,7,ENSG00000115956,7.0208354,2.205455378921596e-12,8.28865847864913e-09,5.532316,8.164244,0.17640983,0.94736844,0.04724103,0.96499586,19,0.00012123068284777255
common myeloid progenitor,8,ENSG00000021355,7.0203233,2.2135554756707517e-12,8.28865847864913e-09,5.105193,10.454821,0.30373886,0.94736844,0.21177101,0.96496195,19,0.00012123068284777255
common myeloid progenitor,9,ENSG00000149781,6.9349875,4.062566795693364e-12,1.3522027881310045e-08,5.0568385,3.289686,0.09883128,0.94736844,0.04968508,0.95931005,19,0.00012123068284777255
common myeloid progenitor,10,ENSG00000109906,6.9110475,4.810888611949926e-12,1.4411497925957198e-08,3.4727848,2.8429341,0.25606748,1.0,0.14788108,0.95772433,19,0.00012123068284777255
dendritic cell,1,ENSG00000019582,28.341902,1.053283883925296e-176,3.155217202686616e-172,7.63406,23.677084,0.11919203,0.9963235,0.048940904,0.99651515,272,0.0017355129333996911
dendritic cell,2,ENSG00000204287,27.968021,3.980472051775554e-172,5.961951039149424e-168,9.179431,21.749023,0.037510756,0.9816176,0.00807266,0.9899652,272,0.0017355129333996911
dendritic cell,3,ENSG00000101439,27.58555,1.6587060306247128e-167,1.6562732617797967e-163,3.5812917,48.031284,4.0128045,1.0,0.6994963,0.9832648,272,0.0017355129333996911
dendritic cell,4,ENSG00000166710,27.464687,4.639345880071649e-166,3.474406129585658e-162,2.9939916,43.527554,5.463651,1.0,0.7314354,0.9811474,272,0.0017355129333996911
dendritic cell,5,ENSG00000231389,27.091175,1.250994001017025e-161,7.4949552588932e-158,8.736996,15.152911,0.035513893,0.9522059,0.021865852,0.97460395,272,0.0017355129333996911
dendritic cell,6,ENSG00000204472,26.995161,1.6844541360488307e-160,8.409918016579796e-157,4.3337746,22.494398,1.1155224,0.9889706,0.13912076,0.9729219,272,0.0017355129333996911
dendritic cell,7,ENSG00000011600,26.77364,6.553221506648826e-158,2.804404335045318e-154,4.1224947,11.530472,0.66199166,0.99264705,0.06826927,0.9690411,272,0.0017355129333996911
dendritic cell,8,ENSG00000158869,26.684988,7.030622757410207e-157,2.632616691512252e-153,4.256665,9.658475,0.50527126,0.9852941,0.06782185,0.96748805,272,0.0017355129333996911
dendritic cell,9,ENSG00000111348,26.506721,8.10880654852752e-155,2.6989712107521157e-151,4.259813,6.18526,0.32286912,0.9669118,0.107827224,0.96436495,272,0.0017355129333996911
dendritic cell,10,ENSG00000196126,26.167889,6.168042495256681e-151,1.8476988098790914e-147,6.638328,10.011088,0.10049523,0.93014705,0.042849656,0.9584291,272,0.0017355129333996911
embryonic blood vessel endothelial progenitor cell,1,ENSG00000078596,44.40221,0.0,0.0,3.350978,41.42401,4.0598245,0.9191402,0.44611523,0.9113638,977,0.006233809323277567
embryonic blood vessel endothelial progenitor cell,2,ENSG00000102755,44.323578,0.0,0.0,4.401705,9.827875,0.46495885,0.8659161,0.05764403,0.9106352,977,0.006233809323277567
embryonic blood vessel endothelial progenitor cell,3,ENSG00000172889,42.668488,0.0,0.0,3.0849285,10.287485,1.2124202,0.89559877,0.2593596,0.89530164,977,0.006233809323277567
embryonic blood vessel endothelial progenitor cell,4,ENSG00000064042,41.84197,0.0,0.0,3.9329727,6.6201816,0.43343818,0.84032756,0.12052084,0.8876444,977,0.006233809323277567
embryonic blood vessel endothelial progenitor cell,5,ENSG00000184113,41.266865,0.0,0.0,2.953488,18.034756,2.3282077,0.8741044,0.20541383,0.88231635,977,0.006233809323277567
embryonic blood vessel endothelial progenitor cell,6,ENSG00000085276,40.476112,0.0,0.0,3.4813612,7.5022593,0.671735,0.839304,0.1493236,0.8749904,977,0.006233809323277567
embryonic blood vessel endothelial progenitor cell,7,ENSG00000027075,39.491978,0.0,0.0,4.260179,5.2289157,0.2728789,0.78403276,0.074754894,0.8658729,977,0.006233809323277567
embryonic blood vessel endothelial progenitor cell,8,ENSG00000158321,38.926487,0.0,0.0,2.075432,21.802914,5.173057,0.97134084,0.7000815,0.8606339,977,0.006233809323277567
embryonic blood vessel endothelial progenitor cell,9,ENSG00000103257,37.642982,4.2616568342019e-310,1.4184688013927942e-306,3.6065657,6.123911,0.5027411,0.7727738,0.13252734,0.8487429,977,0.006233809323277567
embryonic blood vessel endothelial progenitor cell,10,ENSG00000128052,37.39984,3.93063300241796e-306,1.177460422204324e-302,4.2501817,3.6735113,0.19304082,0.741044,0.08333922,0.8464903,977,0.006233809323277567
endothelial cell,1,ENSG00000064042,29.246855,4.923350042447286e-188,1.4748387387155088e-183,4.215459,8.381226,0.45115724,0.88834953,0.12299602,0.916498,412,0.0026287916491201206
endothelial cell,2,ENSG00000027075,28.497643,1.252940189176279e-178,1.8766538153482304e-174,4.401417,6.0969386,0.288505,0.85679615,0.07712681,0.90582865,412,0.0026287916491201206
endothelial cell,3,ENSG00000164035,28.103931,8.770360368692138e-174,8.757497173484724e-170,3.7633917,10.827175,0.79729927,0.89320385,0.26034775,0.9002219,412,0.0026287916491201206
endothelial cell,4,ENSG00000003436,28.019459,9.414253365956397e-173,7.050334345764745e-169,3.6305315,11.826218,0.95487607,0.9053398,0.30967796,0.89901894,412,0.0026287916491201206
endothelial cell,5,ENSG00000018408,27.756647,1.4485750571251427e-169,8.678702882248155e-166,2.8246403,9.556011,1.3488859,0.934466,0.41438386,0.89527625,412,0.0026287916491201206
endothelial cell,6,ENSG00000137509,27.433754,1.0857156702393286e-165,5.420616436281555e-162,3.235051,6.5972133,0.70066947,0.89320385,0.35232288,0.89067805,412,0.0026287916491201206
endothelial cell,7,ENSG00000116016,27.204462,5.751672201761366e-163,2.4613870353709066e-159,3.2711089,4.431288,0.4590163,0.8713592,0.16773929,0.8874127,412,0.0026287916491201206
endothelial cell,8,ENSG00000172889,27.0588,3.0093128407860013e-161,1.1268371932323182e-157,3.0149543,10.070163,1.2457899,0.88106793,0.26169762,0.88533837,412,0.0026287916491201206
endothelial cell,9,ENSG00000102755,26.841484,1.0604340134702376e-158,3.5295957008349378e-155,3.5099738,5.8032913,0.5094094,0.8203884,0.06068554,0.88224363,412,0.0026287916491201206
endothelial cell,10,ENSG00000179776,26.825495,1.6295926784127155e-158,4.881607827453131e-155,3.8757653,3.4666336,0.2361491,0.81796116,0.09407347,0.8820159,412,0.0026287916491201206
endothelial cell of arteriole,1,ENSG00000102755,35.388714,2.5468567203121686e-274,7.629363991367132e-270,5.7972517,25.17992,0.45280135,0.98657715,0.060040057,0.9838848,447,0.0028521113280502277
endothelial cell of arteriole,2,ENSG00000184113,35.35953,7.156256790679688e-274,1.0718641421080035e-269,4.4814878,51.087482,2.2869267,0.9955257,0.20733432,0.98348576,447,0.0028521113280502277
endothelial cell of arteriole,3,ENSG00000103257,34.951336,1.2357631916217919e-267,1.2339507389407467e-263,5.095576,16.79755,0.4912751,0.9753915,0.13411911,0.9779044,447,0.0028521113280502277
endothelial cell of arteriole,4,ENSG00000128567,34.50099,7.751399729516613e-261,5.805023257434991e-257,4.737392,6.39186,0.23962392,0.97315437,0.1180005,0.9717466,447,0.0028521113280502277
endothelial cell of arteriole,5,ENSG00000078596,34.00311,2.0042497606064862e-253,1.200786116574558e-249,4.052801,68.210106,4.1099257,0.9798658,0.44754574,0.9649388,447,0.0028521113280502277
endothelial cell of arteriole,6,ENSG00000168389,33.970215,6.13586117912307e-253,3.0634309580301787e-249,5.8875313,8.792436,0.14852028,0.9440716,0.04627621,0.96448904,447,0.0028521113280502277
endothelial cell of arteriole,7,ENSG00000149564,33.879776,1.3228887312294614e-251,5.66120783324425e-248,4.632704,6.756354,0.27235135,0.9574944,0.069631875,0.9632525,447,0.0028521113280502277
endothelial cell of arteriole,8,ENSG00000172889,33.758514,8.018639021137111e-250,3.002579381464791e-246,3.440177,13.39727,1.2342976,0.9888143,0.2612507,0.9615944,447,0.0028521113280502277
endothelial cell of arteriole,9,ENSG00000162618,33.67633,1.2839928710879013e-248,4.273698938478797e-245,5.0295324,5.2845774,0.16179687,0.94630873,0.053250916,0.9604707,447,0.0028521113280502277
endothelial cell of arteriole,10,ENSG00000131477,33.544174,1.094757608836269e-246,3.2794558930299273e-243,3.2511592,17.850767,1.8748237,0.97762865,0.45927477,0.9586637,447,0.0028521113280502277
endothelial cell of artery,1,ENSG00000185305,51.694828,0.0,0.0,4.9468827,23.392017,0.7584161,0.96568626,0.30125365,0.9687871,1020,0.006508173500248842
endothelial cell of artery,2,ENSG00000184113,51.27581,0.0,0.0,4.4374213,46.334396,2.1384866,0.96960783,0.20460355,0.9649873,1020,0.006508173500248842
endothelial cell of artery,3,ENSG00000085276,50.97028,0.0,0.0,4.7906017,16.845276,0.608644,0.9578431,0.14835651,0.9622166,1020,0.006508173500248842
endothelial cell of artery,4,ENSG00000102755,49.84131,0.0,0.0,5.6234856,19.629189,0.39816624,0.9284314,0.05701129,0.9519787,1020,0.006508173500248842
endothelial cell of artery,5,ENSG00000046889,49.63883,0.0,0.0,5.5236835,10.101787,0.21958555,0.92058825,0.12573697,0.9501425,1020,0.006508173500248842
endothelial cell of artery,6,ENSG00000179776,48.638035,0.0,0.0,5.1737585,7.1885915,0.19915323,0.9019608,0.090696566,0.941067,1020,0.006508173500248842
endothelial cell of artery,7,ENSG00000117394,48.413883,0.0,0.0,4.0201454,17.902046,1.1033628,0.93235296,0.26159558,0.9390343,1020,0.006508173500248842
endothelial cell of artery,8,ENSG00000146674,48.329453,0.0,0.0,6.6992626,21.973246,0.21145365,0.89509803,0.07882162,0.93826866,1020,0.006508173500248842
endothelial cell of artery,9,ENSG00000261371,48.271477,0.0,0.0,5.2701135,6.75566,0.17506748,0.8960784,0.058077402,0.9377429,1020,0.006508173500248842
endothelial cell of artery,10,ENSG00000162618,47.780384,0.0,0.0,5.433554,5.980696,0.13838498,0.8862745,0.050357725,0.93328947,1020,0.006508173500248842
epithelial cell,1,ENSG00000163132,71.284256,0.0,0.0,2.6385694,17.28381,2.7755623,0.9454119,0.52154285,0.8802214,2986,0.019052358893865726
epithelial cell,2,ENSG00000178568,71.137115,0.0,0.0,2.6351054,7.5529165,1.215819,0.8804421,0.13165735,0.8794366,2986,0.019052358893865726
epithelial cell,3,ENSG00000170558,70.77137,0.0,0.0,2.5554123,4.8907347,0.8319904,0.90689886,0.21180564,0.87748575,2986,0.019052358893865726
epithelial cell,4,ENSG00000116729,70.36805,0.0,0.0,2.4006302,8.126636,1.539037,0.93670464,0.5134773,0.87533444,2986,0.019052358893865726
epithelial cell,5,ENSG00000176956,69.86164,0.0,0.0,4.385554,4.511946,0.21586423,0.8070998,0.108091585,0.8726334,2986,0.019052358893865726
epithelial cell,6,ENSG00000146242,68.549255,0.0,0.0,2.8497655,8.183858,1.1352544,0.89785665,0.3563549,0.86563325,2986,0.019052358893865726
epithelial cell,7,ENSG00000102109,67.3754,0.0,0.0,3.0921352,7.009294,0.82195646,0.82886803,0.12822948,0.859372,2986,0.019052358893865726
epithelial cell,8,ENSG00000162599,66.345345,0.0,0.0,1.6608032,13.313215,4.210478,0.98359007,0.6435605,0.85387784,2986,0.019052358893865726
epithelial cell,9,ENSG00000162761,66.16624,0.0,0.0,3.7226808,2.8546307,0.21622773,0.76758206,0.077891245,0.85292256,2986,0.019052358893865726
epithelial cell,10,ENSG00000145147,65.82015,0.0,0.0,2.0603864,6.676831,1.6007823,0.9035499,0.2953493,0.8510765,2986,0.019052358893865726
erythroblast,1,ENSG00000130656,183.99739,0.0,0.0,6.568779,929.3489,9.789922,0.97869337,0.371254,0.96779984,14174,0.09043808940443832
erythroblast,2,ENSG00000136732,183.61153,0.0,0.0,3.5939698,33.553112,2.7786899,0.9871596,0.5717352,0.96681887,14174,0.09043808940443832
erythroblast,3,ENSG00000090013,178.35555,0.0,0.0,2.9982321,35.08805,4.391384,0.991181,0.5290771,0.9534559,14174,0.09043808940443832
erythroblast,4,ENSG00000147454,175.70178,0.0,0.0,3.100612,36.860264,4.297158,0.9927332,0.5002455,0.94670886,14174,0.09043808940443832
erythroblast,5,ENSG00000169877,170.96605,0.0,0.0,3.9099243,34.18101,2.2739472,0.94482857,0.18137942,0.9346686,14174,0.09043808940443832
erythroblast,6,ENSG00000124098,165.72208,0.0,0.0,2.8621323,8.492082,1.1679561,0.9544236,0.33222264,0.92133623,14174,0.09043808940443832
erythroblast,7,ENSG00000239920,164.46179,0.0,0.0,5.374657,296.07776,7.136295,0.89798224,0.3393148,0.918132,14174,0.09043808940443832
erythroblast,8,ENSG00000167815,163.59514,0.0,0.0,3.311842,17.126772,1.7246928,0.9372795,0.54922414,0.91592866,14174,0.09043808940443832
erythroblast,9,ENSG00000206177,163.15361,0.0,0.0,3.5765686,35.847157,3.0046942,0.9338225,0.18814187,0.91480607,14174,0.09043808940443832
erythroblast,10,ENSG00000170180,162.35356,0.0,0.0,4.401096,10.054278,0.47587085,0.8739241,0.093257196,0.912772,14174,0.09043808940443832
erythroid progenitor cell,1,ENSG00000167996,127.62538,0.0,0.0,2.8692465,352.54282,48.248367,0.99983877,0.9912771,0.977327,6203,0.039578627668670166
erythroid progenitor cell,2,ENSG00000142168,125.31351,0.0,0.0,3.4657812,46.870388,4.2422323,0.9845236,0.8168187,0.96868044,6203,0.039578627668670166
erythroid progenitor cell,3,ENSG00000173812,124.47612,0.0,0.0,2.8601491,75.38845,10.3827915,0.99677575,0.9269547,0.9655486,6203,0.039578627668670166
erythroid progenitor cell,4,ENSG00000087086,123.86614,0.0,0.0,3.0418677,419.00778,50.87784,0.99983877,0.9839626,0.96326727,6203,0.039578627668670166
erythroid progenitor cell,5,ENSG00000165502,123.31509,0.0,0.0,3.2432382,35.03965,3.7003925,0.98355633,0.7863383,0.9612062,6203,0.039578627668670166
erythroid progenitor cell,6,ENSG00000161011,117.898415,0.0,0.0,3.7613487,26.418886,1.9482096,0.9477672,0.56716913,0.94094753,6203,0.039578627668670166
erythroid progenitor cell,7,ENSG00000116717,117.65343,0.0,0.0,5.625656,41.715366,0.844899,0.9216508,0.3217847,0.94003123,6203,0.039578627668670166
erythroid progenitor cell,8,ENSG00000140941,113.74487,0.0,0.0,3.346949,18.802084,1.8478806,0.94276965,0.6504521,0.925413,6203,0.039578627668670166
erythroid progenitor cell,9,ENSG00000197956,112.65627,0.0,0.0,3.8824618,63.569157,4.3103147,0.9413187,0.56162846,0.92134154,6203,0.039578627668670166
erythroid progenitor cell,10,ENSG00000185088,110.32146,0.0,0.0,4.4494934,42.821404,1.9598818,0.9192326,0.6183175,0.9126092,6203,0.039578627668670166
fibroblast,1,ENSG00000108821,87.48667,0.0,0.0,2.294149,54.76831,11.166619,0.9970806,0.5653202,0.8839595,4453,0.028412643722164798
fibroblast,2,ENSG00000138829,81.69393,0.0,0.0,2.3805077,12.024763,2.3092573,0.96159893,0.481149,0.8585365,4453,0.028412643722164798
fibroblast,3,ENSG00000168542,76.65219,0.0,0.0,1.65252,35.123352,11.172179,0.9957332,0.58005685,0.8364094,4453,0.028412643722164798
fibroblast,4,ENSG00000187720,75.53656,0.0,0.0,2.693359,4.620293,0.71431154,0.8196721,0.24460016,0.8315131,4453,0.028412643722164798
fibroblast,5,ENSG00000166482,75.337425,0.0,0.0,2.4489903,4.530217,0.8296587,0.86234,0.28741142,0.8306391,4453,0.028412643722164798
fibroblast,6,ENSG00000164692,73.40636,0.0,0.0,1.6944455,56.247517,17.378986,0.9966315,0.6434299,0.82216406,4453,0.028412643722164798
fibroblast,7,ENSG00000114861,70.61592,0.0,0.0,1.7060599,12.314147,3.7742367,0.9728273,0.65167826,0.8099175,4453,0.028412643722164798
fibroblast,8,ENSG00000112699,70.60744,0.0,0.0,1.3426268,8.5313225,3.3639183,0.9759713,0.5725703,0.8098802,4453,0.028412643722164798
fibroblast,9,ENSG00000139174,70.12454,0.0,0.0,1.6921852,6.486041,2.0071564,0.9115203,0.3891826,0.80776095,4453,0.028412643722164798
fibroblast,10,ENSG00000110651,68.91992,0.0,0.0,1.1548828,10.951782,4.9184747,0.97799236,0.71297604,0.80247414,4453,0.028412643722164798
fibroblast of choroid plexus,1,ENSG00000142089,90.311554,0.0,0.0,1.641819,15.515394,4.971942,0.9704534,0.6642932,0.8462979,5889,0.03757513112055434
fibroblast of choroid plexus,2,ENSG00000189129,87.7923,0.0,0.0,2.2714348,8.425721,1.7451673,0.8916624,0.44633612,0.8366378,5889,0.03757513112055434
fibroblast of choroid plexus,3,ENSG00000118271,87.31557,0.0,0.0,0.0019956816,63.313004,63.225483,0.9624724,0.54613256,0.83480984,5889,0.03757513112055434
fibroblast of choroid plexus,4,ENSG00000110492,82.43432,0.0,0.0,1.3077129,20.17778,8.1510315,0.9850569,0.70011336,0.8160928,5889,0.03757513112055434
fibroblast of choroid plexus,5,ENSG00000077943,80.2589,0.0,0.0,2.6753016,7.7432804,1.2122132,0.78926814,0.31309295,0.80775124,5889,0.03757513112055434
fibroblast of choroid plexus,6,ENSG00000109472,79.787766,0.0,0.0,1.4485765,10.565377,3.8709722,0.9412464,0.6078018,0.8059446,5889,0.03757513112055434
fibroblast of choroid plexus,7,ENSG00000185070,75.701515,0.0,0.0,1.3745303,11.594291,4.4716654,0.941586,0.53341025,0.790276,5889,0.03757513112055434
fibroblast of choroid plexus,8,ENSG00000196569,75.357025,0.0,0.0,1.3352721,19.678297,7.79885,0.9543216,0.505917,0.7889551,5889,0.03757513112055434
fibroblast of choroid plexus,9,ENSG00000184226,75.30553,0.0,0.0,2.2314658,7.423942,1.580871,0.7977585,0.3747754,0.78875756,5889,0.03757513112055434
fibroblast of choroid plexus,10,ENSG00000139329,72.895744,0.0,0.0,1.4224741,21.878601,8.1622925,0.93802005,0.5224514,0.7795173,5889,0.03757513112055434
fibrocyte,1,ENSG00000173068,9.87548,5.31778698220727e-23,1.5929962683900098e-18,2.1208544,15.904614,3.6566415,0.9661017,0.421314,0.87121445,59,0.0003764531730536095
fibrocyte,2,ENSG00000152661,9.717538,2.5384596356504365e-22,3.8021048422772235e-18,2.0694625,12.852309,3.0620399,0.9491525,0.45294797,0.86527765,59,0.0003764531730536095
fibrocyte,3,ENSG00000166426,9.145644,5.927542804555655e-20,5.918849075108974e-16,2.3150747,15.923995,3.1999643,0.86440676,0.2917845,0.84378016,59,0.0003764531730536095
fibrocyte,4,ENSG00000170017,8.996753,2.324934032198232e-19,1.7411430967132558e-15,1.9035742,13.536604,3.6180687,0.91525424,0.42010123,0.83818346,59,0.0003764531730536095
fibrocyte,5,ENSG00000026025,8.635208,5.86200726545749e-18,3.512045792880891e-14,1.3478878,110.60914,43.454662,1.0,0.86787903,0.8245932,59,0.0003764531730536095
fibrocyte,6,ENSG00000151012,8.174307,2.975707490795505e-16,1.4856715599045027e-12,1.9662683,7.286113,1.8646193,0.84745765,0.29420364,0.80726796,59,0.0003764531730536095
fibrocyte,7,ENSG00000120885,8.0418415,8.84980995681685e-16,3.787212958091508e-12,1.4116392,13.92595,5.2345467,0.9322034,0.52669674,0.80228907,59,0.0003764531730536095
fibrocyte,8,ENSG00000061455,7.966918,1.6268053831899081e-15,6.091572757354611e-12,2.0377314,3.219453,0.7840862,0.779661,0.18898684,0.7994724,59,0.0003764531730536095
fibrocyte,9,ENSG00000053438,7.8313184,4.827804694078626e-15,1.4582193790126907e-11,1.4781076,10.6606,3.826722,0.9322034,0.53466266,0.79437524,59,0.0003764531730536095
fibrocyte,10,ENSG00000130203,7.8302794,4.867870807226235e-15,1.4582193790126907e-11,1.1881323,22.680498,9.953805,0.9830508,0.62048805,0.7943361,59,0.0003764531730536095
forebrain neuroblast,1,ENSG00000276644,14.875431,4.759079701743924e-50,1.4256299154544098e-45,3.3747008,13.277033,1.2800145,0.9326923,0.2906169,0.9212189,104,0.0006635784745351761
forebrain neuroblast,2,ENSG00000144485,14.721359,4.701184161955698e-49,5.766209787227009e-45,5.7720375,28.544798,0.52236074,0.86538464,0.10148,0.91685605,104,0.0006635784745351761
forebrain neuroblast,3,ENSG00000131711,14.707445,5.7746793168917835e-49,5.766209787227009e-45,3.3219073,24.225498,2.4225848,0.9423077,0.57025194,0.91646206,104,0.0006635784745351761
forebrain neuroblast,4,ENSG00000187323,14.375165,7.409337352382769e-47,5.548852743199455e-43,6.686675,26.98899,0.26199737,0.8269231,0.041475654,0.9070531,104,0.0006635784745351761
forebrain neuroblast,5,ENSG00000053438,14.279447,2.9392765355376073e-46,1.7609793579712914e-42,3.4925697,42.809547,3.8034039,0.9326923,0.53454816,0.9043427,104,0.0006635784745351761
forebrain neuroblast,6,ENSG00000167552,14.071678,5.670778192995462e-45,2.743358968375301e-41,2.8364894,71.09897,9.953938,0.99038464,0.81357026,0.8984597,104,0.0006635784745351761
forebrain neuroblast,7,ENSG00000176887,14.0630045,6.410573100089167e-45,2.743358968375301e-41,3.0962293,14.194626,1.6598393,0.91346157,0.4316188,0.89821386,104,0.0006635784745351761
forebrain neuroblast,8,ENSG00000196782,14.0366745,9.29745089387548e-45,3.481430487211673e-41,2.9719963,8.433597,1.0748621,0.90384614,0.36890092,0.89746803,104,0.0006635784745351761
forebrain neuroblast,9,ENSG00000162374,13.823428,1.8408967541619123e-43,6.127322574186027e-40,5.005789,4.6900096,0.1459759,0.8076923,0.03359043,0.89142984,104,0.0006635784745351761
forebrain neuroblast,10,ENSG00000078018,13.65847,1.797209504697163e-42,5.383720792270821e-39,3.5673788,6.788987,0.57268655,0.8557692,0.21615738,0.8867589,104,0.0006635784745351761
forebrain radial glial cell,1,ENSG00000166165,35.381767,3.256944583680708e-274,9.756503194873928e-270,3.7852283,14.327861,1.0392358,0.9130435,0.2398801,0.91847533,598,0.0038155762285772624
forebrain radial glial cell,2,ENSG00000145147,35.148052,1.2448295560100738e-270,1.8645057089918884e-266,3.7286444,21.497467,1.6216364,0.9297659,0.3045514,0.9157111,598,0.0038155762285772624
forebrain radial glial cell,3,ENSG00000134532,34.87167,1.998929774634883e-266,1.9959980109654187e-262,3.2709126,9.726186,1.0076269,0.92474914,0.24747643,0.9124422,598,0.0038155762285772624
forebrain radial glial cell,4,ENSG00000218336,33.95127,1.1682611432424973e-252,8.749107701743062e-249,3.606034,11.512165,0.945437,0.9013378,0.27987292,0.9015562,598,0.0038155762285772624
forebrain radial glial cell,5,ENSG00000137285,30.889149,1.6707731803820437e-209,1.00099362783049e-205,2.210862,9.169844,1.9807341,0.9130435,0.4046103,0.86533916,598,0.0038155762285772624
forebrain radial glial cell,6,ENSG00000181449,30.791666,3.3881241460584055e-208,1.6915774486554267e-204,4.157889,6.597162,0.36957943,0.78428096,0.10629099,0.86418617,598,0.0038155762285772624
forebrain radial glial cell,7,ENSG00000170370,30.692766,7.108402624217431e-207,3.0419901287293906e-203,5.0543914,5.2631907,0.15838926,0.7591973,0.0733885,0.8630165,598,0.0038155762285772624
forebrain radial glial cell,8,ENSG00000170558,30.570723,2.9996248019529546e-205,1.1232095070912838e-201,2.5702448,5.3006372,0.89249814,0.87123746,0.22257379,0.861573,598,0.0038155762285772624
forebrain radial glial cell,9,ENSG00000167552,30.067514,1.2889304513754172e-198,4.2901334001557776e-195,1.4641304,27.390875,9.927931,0.9765886,0.8130636,0.8556214,598,0.0038155762285772624
forebrain radial glial cell,10,ENSG00000106571,29.694773,8.969919778637115e-194,2.687029168888534e-190,3.143341,7.179109,0.81251353,0.84782606,0.3633557,0.85121274,598,0.0038155762285772624
glioblast (sensu Vertebrata),1,ENSG00000162599,32.44388,6.607984504246038e-231,1.9794878380919432e-226,2.5967572,26.126375,4.318942,0.9764454,0.6490634,0.9340434,467,0.0029797225731531462
glioblast (sensu Vertebrata),2,ENSG00000181449,31.508106,6.726956309042915e-218,1.0075635159684477e-213,4.394349,7.8059225,0.3711875,0.88865095,0.10654746,0.9215243,467,0.0029797225731531462
glioblast (sensu Vertebrata),3,ENSG00000151322,28.977224,1.2742883906763884e-184,1.272419434370063e-180,3.022848,7.9956017,0.9837465,0.8907923,0.31277558,0.88766545,467,0.0029797225731531462
glioblast (sensu Vertebrata),4,ENSG00000166165,28.117298,6.020191365135091e-174,4.50852131334967e-170,3.4455528,11.534484,1.0587256,0.86295503,0.24059415,0.8761612,467,0.0029797225731531462
glioblast (sensu Vertebrata),5,ENSG00000176771,27.256258,1.400972709446367e-163,8.393507696835074e-160,3.799831,7.1226387,0.5114202,0.8029979,0.15149207,0.86464185,467,0.0029797225731531462
glioblast (sensu Vertebrata),6,ENSG00000164199,26.437292,5.1085350103301796e-154,2.5505212461575144e-150,3.2821,5.7986255,0.5960937,0.7987152,0.13612016,0.8536855,467,0.0029797225731531462
glioblast (sensu Vertebrata),7,ENSG00000169862,26.111351,2.7097053315873926e-150,1.1595990416147418e-146,4.0975857,6.9334483,0.40499824,0.7665953,0.12436403,0.849325,467,0.0029797225731531462
glioblast (sensu Vertebrata),8,ENSG00000167552,25.487469,2.714594486181737e-143,1.0164799053507514e-139,1.6720464,31.643326,9.929926,0.9721627,0.81321394,0.84097856,467,0.0029797225731531462
glioblast (sensu Vertebrata),9,ENSG00000147862,25.307526,2.639637460942026e-141,8.785886642219927e-138,2.0080123,12.143456,3.0190508,0.9357602,0.58340317,0.83857125,467,0.0029797225731531462
glioblast (sensu Vertebrata),10,ENSG00000167614,24.96624,1.4228746682808037e-137,4.2623633563019755e-134,4.735848,10.529104,0.39514744,0.7216274,0.104729965,0.83400536,467,0.0029797225731531462
innate lymphoid cell,1,ENSG00000169442,14.802964,1.4016725511925312e-49,4.198850294352346e-45,10.114264,18.388197,0.016589852,0.9506173,0.0060582845,0.9749296,81,0.0005168255426668198
innate lymphoid cell,2,ENSG00000227507,14.609958,2.4266920080328276e-48,3.634699289631569e-44,10.600521,20.244015,0.013038323,0.9382716,0.010003511,0.96873724,81,0.0005168255426668198
innate lymphoid cell,3,ENSG00000168685,14.234426,5.602163916241837e-46,5.5939474091646826e-42,12.887381,21.43397,0.0028288784,0.91358024,0.0013278432,0.9566889,81,0.0005168255426668198
innate lymphoid cell,4,ENSG00000122862,13.884594,7.854403369511814e-44,5.882162683427397e-40,3.8419282,12.308289,0.8583453,0.9506173,0.09776884,0.9454651,81,0.0005168255426668198
innate lymphoid cell,5,ENSG00000111348,13.477799,2.113168100822524e-41,1.2660412725647905e-37,4.408537,6.9997764,0.32959634,0.90123457,0.108908676,0.93241376,81,0.0005168255426668198
innate lymphoid cell,6,ENSG00000211751,13.464044,2.5459243212889704e-41,1.27109514947554e-37,12.074971,11.5505085,0.0026771482,0.86419755,0.0008554375,0.93197244,81,0.0005168255426668198
innate lymphoid cell,7,ENSG00000081237,13.185707,1.0605513247702198e-39,4.538553640688101e-36,4.936897,4.8050632,0.1568719,0.8765432,0.059350763,0.9230424,81,0.0005168255426668198
innate lymphoid cell,8,ENSG00000100906,13.021194,9.270894803106736e-39,3.471486559023317e-35,4.7233877,18.52033,0.7010796,0.8888889,0.25878897,0.91776437,81,0.0005168255426668198
innate lymphoid cell,9,ENSG00000136167,12.868229,6.794193071722998e-38,2.261409418405935e-34,4.984877,4.913261,0.15515731,0.8518519,0.04870248,0.91285664,81,0.0005168255426668198
innate lymphoid cell,10,ENSG00000185760,12.749672,3.130592259583019e-37,9.378002172806892e-34,7.093603,10.494749,0.07683954,0.8271605,0.030080756,0.90905297,81,0.0005168255426668198
interneuron,1,ENSG00000137285,24.53224,6.6924114747439395e-133,2.0047787813742943e-128,4.2586207,37.42141,1.9550036,0.97021276,0.40570384,0.96231705,235,0.001499432129959292
interneuron,2,ENSG00000104435,24.39751,1.8174623962248644e-131,2.7221951770656017e-127,5.908234,29.509113,0.49136084,0.9361702,0.03733761,0.959778,235,0.001499432129959292
interneuron,3,ENSG00000167552,24.304453,1.75897402414221e-130,1.7563941955734682e-126,3.5752792,117.21376,9.833594,0.9957447,0.8134142,0.95802426,235,0.001499432129959292
interneuron,4,ENSG00000179915,24.289698,2.518868208648852e-130,1.886380401457125e-126,5.360719,19.048576,0.4635806,0.94468087,0.06533283,0.9577462,235,0.001499432129959292
interneuron,5,ENSG00000078018,23.962336,6.872602461624247e-127,4.1175135868083186e-123,4.086241,9.568176,0.5633108,0.94893616,0.21548204,0.951577,235,0.001499432129959292
interneuron,6,ENSG00000131711,23.879278,5.028842624701319e-126,2.5107334944258783e-122,3.3217494,24.043327,2.4046307,0.9744681,0.5698922,0.95001173,235,0.001499432129959292
interneuron,7,ENSG00000066032,23.791983,4.043113503716144e-125,1.7302215445331546e-121,6.0356483,11.914095,0.18161422,0.9148936,0.054527096,0.94836664,235,0.001499432129959292
interneuron,8,ENSG00000139970,22.691847,5.392611172941357e-114,2.019263253707891e-110,5.1894135,13.075368,0.35833138,0.8851064,0.120045245,0.92763424,235,0.001499432129959292
interneuron,9,ENSG00000176788,22.606005,3.7827223465577305e-113,1.2590581179275932e-109,2.4857557,20.605207,3.6786628,0.9744681,0.61070603,0.9260166,235,0.001499432129959292
interneuron,10,ENSG00000149294,22.574331,7.747198052033213e-113,2.3207506484670694e-109,3.643915,8.419087,0.6734996,0.9191489,0.2628202,0.9254197,235,0.001499432129959292
leptomeningeal cell,1,ENSG00000196569,250.18094,0.0,0.0,2.6417575,22.243082,3.564074,0.9882883,0.36708698,0.92096084,39277,0.2506093436953664
leptomeningeal cell,2,ENSG00000011465,246.23018,0.0,0.0,2.4909058,23.957317,4.261876,0.9879828,0.41321766,0.9143132,39277,0.2506093436953664
leptomeningeal cell,3,ENSG00000105894,242.87756,0.0,0.0,2.2234752,69.012024,14.777197,0.9954681,0.6042197,0.908672,39277,0.2506093436953664
leptomeningeal cell,4,ENSG00000158270,242.09547,0.0,0.0,2.2433062,16.905478,3.570467,0.9895868,0.5014091,0.907356,39277,0.2506093436953664
leptomeningeal cell,5,ENSG00000079215,239.31038,0.0,0.0,2.3588953,19.447918,3.791184,0.9901724,0.44236222,0.9026698,39277,0.2506093436953664
leptomeningeal cell,6,ENSG00000197321,232.36703,0.0,0.0,2.6970146,16.941284,2.6125464,0.96005297,0.41893077,0.89098674,39277,0.2506093436953664
leptomeningeal cell,7,ENSG00000069667,229.58852,0.0,0.0,2.1946905,19.328312,4.2220783,0.9814141,0.5859735,0.8863115,39277,0.2506093436953664
leptomeningeal cell,8,ENSG00000181234,226.05359,0.0,0.0,2.5467572,12.327655,2.1097457,0.9582198,0.38375807,0.8803635,39277,0.2506093436953664
leptomeningeal cell,9,ENSG00000137962,222.64018,0.0,0.0,1.9582764,12.250561,3.1525068,0.9823306,0.46740288,0.8746201,39277,0.2506093436953664
leptomeningeal cell,10,ENSG00000157103,219.76865,0.0,0.0,2.7793899,5.5002623,0.80113125,0.87575424,0.20976764,0.86978835,39277,0.2506093436953664
mast cell,1,ENSG00000075884,14.803906,1.3821684324195838e-49,4.140423756156105e-45,6.0749106,8.899138,0.13201328,0.9746835,0.04988286,0.9809313,79,0.000504064418156528
mast cell,2,ENSG00000111348,14.413106,4.2802000476099506e-47,6.410883631310184e-43,4.78798,9.078968,0.3286328,0.96202534,0.108888134,0.9682355,79,0.000504064418156528
mast cell,3,ENSG00000179348,13.89054,7.228830903747008e-44,7.218228618421513e-40,7.4517164,10.216933,0.058362022,0.9113924,0.036355626,0.95125896,79,0.000504064418156528
mast cell,4,ENSG00000128340,13.868518,9.828679285514384e-44,7.360697916921721e-40,6.6067114,4.7118497,0.048347402,0.9113924,0.028695092,0.9505435,79,0.000504064418156528
mast cell,5,ENSG00000122862,13.6585865,1.7943175512150883e-42,1.0750115312839837e-38,4.3091645,16.97196,0.8561387,0.9493671,0.09778036,0.94372356,79,0.000504064418156528
mast cell,6,ENSG00000104894,13.102975,3.166015478800765e-39,1.5806859947159286e-35,4.6409383,3.3108628,0.13270263,0.886076,0.04767407,0.9256735,79,0.000504064418156528
mast cell,7,ENSG00000089327,13.059686,5.595861636405953e-39,2.3947090168596675e-35,4.5671287,3.6065786,0.15214327,0.886076,0.08092718,0.9242672,79,0.000504064418156528
mast cell,8,ENSG00000164506,13.023187,9.032145826218466e-39,3.382087004627504e-35,4.628805,7.3822546,0.298387,0.89873415,0.1844721,0.92308146,79,0.000504064418156528
mast cell,9,ENSG00000185052,12.863667,7.207511417866226e-38,2.398980133706674e-34,4.307392,12.357543,0.6241342,0.9113924,0.20520662,0.91789913,79,0.000504064418156528
mast cell,10,ENSG00000130755,12.821625,1.2407335726743743e-37,3.7167414903033556e-34,3.5329282,3.8059947,0.32881442,0.9113924,0.12270902,0.91653335,79,0.000504064418156528
mechanoreceptor cell,1,ENSG00000173267,12.719597,4.602294752991681e-37,2.000868248912144e-33,8.192062,35.260254,0.120567165,1.0,0.056404464,0.9997606,54,0.00034455036177787984
mechanoreceptor cell,2,ENSG00000277586,12.711967,5.0741460705783876e-37,2.000868248912144e-33,8.015809,39.07453,0.15097141,1.0,0.039764605,0.9994609,54,0.00034455036177787984
mechanoreceptor cell,3,ENSG00000104722,12.705903,5.483298878475265e-37,2.000868248912144e-33,7.6587443,32.491924,0.16079172,1.0,0.054885365,0.9992226,54,0.00034455036177787984
mechanoreceptor cell,4,ENSG00000135406,12.703694,5.640272086855993e-37,2.000868248912144e-33,7.921898,35.888535,0.14798813,1.0,0.020009957,0.99913585,54,0.00034455036177787984
mechanoreceptor cell,5,ENSG00000079462,12.703159,5.679007199878764e-37,2.000868248912144e-33,4.069607,15.279727,0.9100011,1.0,0.43728298,0.9991148,54,0.00034455036177787984
mechanoreceptor cell,6,ENSG00000101210,12.701285,5.816673944141862e-37,2.000868248912144e-33,7.7135463,6.745176,0.032135453,1.0,0.015746273,0.99904114,54,0.00034455036177787984
mechanoreceptor cell,7,ENSG00000162188,12.697076,6.1380221806449935e-37,2.000868248912144e-33,7.1757555,10.844446,0.075004905,1.0,0.02914369,0.9988758,54,0.00034455036177787984
mechanoreceptor cell,8,ENSG00000221946,12.691225,6.614300900307561e-37,2.000868248912144e-33,7.4696064,5.393479,0.030429397,1.0,0.022658803,0.9986459,54,0.00034455036177787984
mechanoreceptor cell,9,ENSG00000139970,12.688783,6.823844446228937e-37,2.000868248912144e-33,6.1409593,26.00913,0.36856395,1.0,0.1208895,0.99854994,54,0.00034455036177787984
mechanoreceptor cell,10,ENSG00000221866,12.680486,7.586068426724397e-37,2.000868248912144e-33,6.4894676,7.195792,0.08008555,1.0,0.044315513,0.99822396,54,0.00034455036177787984
megakaryocyte,1,ENSG00000150681,16.433344,1.1040000237102537e-60,3.307142471026436e-56,10.101024,17.53576,0.015966633,0.95,0.0080127185,0.9745427,100,0.0006380562255145924
megakaryocyte,2,ENSG00000169756,16.339579,5.16090082479523e-60,7.729997255378295e-56,4.733203,27.926046,1.0499614,0.97,0.45025092,0.971835,100,0.0006380562255145924
megakaryocyte,3,ENSG00000169704,16.270435,1.6001788793146478e-59,1.5978319502916531e-55,11.7719345,17.374372,0.0049682534,0.94,0.0033391647,0.9698384,100,0.0006380562255145924
megakaryocyte,4,ENSG00000101162,16.120884,1.8198614182061333e-58,1.3628942160945732e-54,7.793477,17.286665,0.07791855,0.94,0.035639036,0.96551985,100,0.0006380562255145924
megakaryocyte,5,ENSG00000163736,16.086473,3.174145385389955e-58,1.90169398329483e-54,13.114817,122.86119,0.013850374,0.93,0.005407787,0.9645262,100,0.0006380562255145924
megakaryocyte,6,ENSG00000154146,16.015528,9.955721971537628e-58,4.9705601229896865e-54,8.96641,26.013803,0.052005064,0.93,0.043121833,0.9624775,100,0.0006380562255145924
megakaryocyte,7,ENSG00000162852,15.895797,6.776141902881463e-57,2.89980152632453e-53,5.9252133,15.959941,0.26264212,0.95,0.17626065,0.9590201,100,0.0006380562255145924
megakaryocyte,8,ENSG00000005961,15.678117,2.134896477820832e-55,7.994119861200106e-52,9.034719,17.03284,0.03247622,0.91,0.031425178,0.9527342,100,0.0006380562255145924
megakaryocyte,9,ENSG00000163737,15.573712,1.0984357139284724e-54,3.656082249604591e-51,13.154725,78.75757,0.008636256,0.9,0.0034413189,0.94971925,100,0.0006380562255145924
megakaryocyte,10,ENSG00000122643,15.521077,2.4982226307659154e-54,7.483675712722377e-51,4.4926167,11.940571,0.5304112,0.94,0.31248325,0.9481993,100,0.0006380562255145924
meningeal macrophage,1,ENSG00000118785,53.961266,0.0,0.0,4.898188,241.4464,8.096909,0.99903756,0.23503569,0.98487467,1039,0.0066294041830966145
meningeal macrophage,2,ENSG00000100600,53.884117,0.0,0.0,4.336001,24.931395,1.234469,0.99903756,0.30793837,0.9841814,1039,0.0066294041830966145
meningeal macrophage,3,ENSG00000250722,53.863304,0.0,0.0,3.6985843,38.230637,2.9446027,0.99807507,0.57316923,0.9839944,1039,0.0066294041830966145
meningeal macrophage,4,ENSG00000165457,53.50102,0.0,0.0,4.774775,15.861417,0.57941735,0.99326277,0.055926315,0.98073906,1039,0.0066294041830966145
meningeal macrophage,5,ENSG00000129226,53.425007,0.0,0.0,4.8981915,8.393505,0.2814756,0.9884504,0.054500375,0.980056,1039,0.0066294041830966145
meningeal macrophage,6,ENSG00000110079,53.41378,0.0,0.0,4.7978787,8.588038,0.30873695,0.9923003,0.04758907,0.97995514,1039,0.0066294041830966145
meningeal macrophage,7,ENSG00000111885,53.371033,0.0,0.0,3.7327461,23.573248,1.773172,0.99903756,0.41786405,0.97957104,1039,0.0066294041830966145
meningeal macrophage,8,ENSG00000135838,53.291496,0.0,0.0,4.0630436,9.903675,0.59251374,0.99807507,0.15676968,0.9788564,1039,0.0066294041830966145
meningeal macrophage,9,ENSG00000104763,53.226913,0.0,0.0,3.4341807,10.589601,0.9796889,0.9942252,0.42388254,0.978276,1039,0.0066294041830966145
meningeal macrophage,10,ENSG00000181804,53.22181,0.0,0.0,3.990886,12.69159,0.7982514,0.99903756,0.22238208,0.9782302,1039,0.0066294041830966145
mesenchymal cell,1,ENSG00000114391,147.03911,0.0,0.0,1.0394261,40.15522,19.536356,0.99672806,0.9046696,0.8411099,17421,0.11115577504689714
mesenchymal cell,2,ENSG00000139174,142.17749,0.0,0.0,2.0759504,6.6292605,1.5723228,0.88496643,0.34387854,0.82983154,17421,0.11115577504689714
mesenchymal cell,3,ENSG00000156482,141.4159,0.0,0.0,0.987394,43.836586,22.110651,0.9973595,0.92984456,0.8280648,17421,0.11115577504689714
mesenchymal cell,4,ENSG00000148303,141.23666,0.0,0.0,0.9211185,46.38327,24.494978,0.9969003,0.9147554,0.827649,17421,0.11115577504689714
mesenchymal cell,5,ENSG00000198034,133.73802,0.0,0.0,0.8900681,46.937473,25.326927,0.9973595,0.916026,0.8102532,17421,0.11115577504689714
mesenchymal cell,6,ENSG00000026025,133.54575,0.0,0.0,1.2360708,89.006485,37.785683,0.99896675,0.8515416,0.8098072,17421,0.11115577504689714
mesenchymal cell,7,ENSG00000163191,133.34427,0.0,0.0,1.395078,15.519677,5.900956,0.97652256,0.622239,0.80933976,17421,0.11115577504689714
mesenchymal cell,8,ENSG00000251562,132.56575,0.0,0.0,1.099094,421.2954,196.66472,1.0,0.9590754,0.80753374,17421,0.11115577504689714
mesenchymal cell,9,ENSG00000188846,132.42897,0.0,0.0,0.9040392,27.203281,14.53712,0.9957523,0.8865152,0.8072164,17421,0.11115577504689714
mesenchymal cell,10,ENSG00000142676,131.69246,0.0,0.0,0.8431871,50.82378,28.329725,0.99908155,0.9339148,0.80550784,17421,0.11115577504689714
mesenchyme condensation cell,1,ENSG00000109193,71.94665,0.0,0.0,3.1612687,16.157377,1.8060683,0.96933043,0.19314685,0.9348878,2315,0.014771001620662813
mesenchyme condensation cell,2,ENSG00000108821,70.49802,0.0,0.0,2.0558522,49.281807,11.852595,1.0,0.5712546,0.9261314,2315,0.014771001620662813
mesenchyme condensation cell,3,ENSG00000170017,70.36955,0.0,0.0,2.6045492,20.489637,3.3688898,0.9861771,0.41180357,0.9253549,2315,0.014771001620662813
mesenchyme condensation cell,4,ENSG00000164692,69.706276,0.0,0.0,1.8149543,62.700756,17.820385,1.0,0.6482699,0.9213457,2315,0.014771001620662813
mesenchyme condensation cell,5,ENSG00000184347,68.85023,0.0,0.0,3.9430847,5.7993703,0.37704575,0.89719224,0.13166808,0.9161712,2315,0.014771001620662813
mesenchyme condensation cell,6,ENSG00000122786,68.40799,0.0,0.0,1.9603895,17.377,4.465178,0.99438447,0.624962,0.9134981,2315,0.014771001620662813
mesenchyme condensation cell,7,ENSG00000115461,68.32224,0.0,0.0,3.044994,11.081176,1.3426144,0.93520516,0.24743703,0.9129798,2315,0.014771001620662813
mesenchyme condensation cell,8,ENSG00000128573,68.21287,0.0,0.0,2.450747,12.122475,2.2173944,0.98444927,0.49550226,0.91231865,2315,0.014771001620662813
mesenchyme condensation cell,9,ENSG00000139174,67.49663,0.0,0.0,2.5776484,11.87041,1.988457,0.9654428,0.39560652,0.90798926,2315,0.014771001620662813
mesenchyme condensation cell,10,ENSG00000100097,66.20362,0.0,0.0,1.7883564,42.761982,12.379665,0.99438447,0.6524859,0.90017354,2315,0.014771001620662813
mesothelial cell of dura mater,1,ENSG00000142494,56.93844,0.0,0.0,7.046833,5.956539,0.045049068,0.9910635,0.029381711,0.9931252,1119,0.007139849163508289
mesothelial cell of dura mater,2,ENSG00000155850,56.54575,0.0,0.0,5.695865,11.142278,0.21495508,0.9910635,0.14061707,0.9897243,1119,0.007139849163508289
mesothelial cell of dura mater,3,ENSG00000080493,56.43097,0.0,0.0,4.9184804,20.50887,0.6781592,0.99731904,0.15432468,0.9887302,1119,0.007139849163508289
mesothelial cell of dura mater,4,ENSG00000114861,55.86591,0.0,0.0,2.9758787,30.12498,3.8291116,1.0,0.6583637,0.9838364,1119,0.007139849163508289
mesothelial cell of dura mater,5,ENSG00000127951,55.531586,0.0,0.0,5.6746655,3.8693082,0.075751066,0.9785523,0.04066655,0.98094094,1119,0.007139849163508289
mesothelial cell of dura mater,6,ENSG00000178031,55.295795,0.0,0.0,5.0338397,5.688328,0.17363927,0.9839142,0.06797895,0.9788988,1119,0.007139849163508289
mesothelial cell of dura mater,7,ENSG00000165474,55.208958,0.0,0.0,5.001149,10.463879,0.32673588,0.98480785,0.07702738,0.9781468,1119,0.007139849163508289
mesothelial cell of dura mater,8,ENSG00000156113,55.010258,0.0,0.0,6.8741746,12.846132,0.10950645,0.9642538,0.048744593,0.9764259,1119,0.007139849163508289
mesothelial cell of dura mater,9,ENSG00000180447,54.553276,0.0,0.0,3.6275358,8.780825,0.7104577,0.9901698,0.28740352,0.97246814,1119,0.007139849163508289
mesothelial cell of dura mater,10,ENSG00000102804,54.485718,0.0,0.0,2.8398492,22.437286,3.1339388,0.9919571,0.676512,0.971883,1119,0.007139849163508289
metamyelocyte,1,ENSG00000143546,24.839954,3.320212940326327e-136,8.077997157120449e-132,12.882773,386.26,0.051142093,1.0,0.0055008945,0.99993503,206,0.0013143958245600603
metamyelocyte,2,ENSG00000090382,24.82045,5.393241525651255e-136,8.077997157120449e-132,9.45723,120.31515,0.17116325,1.0,0.027127523,0.9995425,206,0.0013143958245600603
metamyelocyte,3,ENSG00000163220,24.707844,8.807970841333063e-135,8.795052484099109e-131,10.057798,161.98824,0.15197927,0.9951456,0.036385126,0.9972761,206,0.0013143958245600603
metamyelocyte,4,ENSG00000163563,24.444399,5.772108862260148e-132,4.322732326946624e-128,8.263937,22.626558,0.07360808,0.9854369,0.028552262,0.991974,206,0.0013143958245600603
metamyelocyte,5,ENSG00000122862,23.045061,1.648566913269384e-117,9.876894090779535e-114,4.8139563,23.473352,0.8345068,0.9660194,0.09706747,0.9638105,206,0.0013143958245600603
metamyelocyte,6,ENSG00000085265,22.903563,4.2815036807565905e-116,2.137612071012407e-112,11.22383,14.690656,0.0061423085,0.9223301,0.0015397393,0.9609627,206,0.0013143958245600603
metamyelocyte,7,ENSG00000011600,22.751562,1.3847867294645055e-114,5.926095895405532e-111,4.7772903,18.044077,0.65800166,0.9514563,0.06871326,0.95790356,206,0.0013143958245600603
metamyelocyte,8,ENSG00000158869,22.576164,7.432523053850356e-113,2.7831082575142655e-109,4.65376,12.71468,0.50510776,0.9466019,0.06825965,0.9543734,206,0.0013143958245600603
metamyelocyte,9,ENSG00000136167,22.54136,1.6322120883569863e-112,5.432727257646876e-109,6.020631,9.439646,0.14540027,0.9223301,0.04796831,0.95367295,206,0.0013143958245600603
metamyelocyte,10,ENSG00000196154,22.151255,1.014530551479806e-108,3.039127720012907e-105,4.420606,33.59619,1.5687547,0.93203884,0.30028751,0.9458215,206,0.0013143958245600603
microglial cell,1,ENSG00000159189,33.88036,1.2968456811029997e-251,3.8848309223121456e-247,4.997907,20.26223,0.63411385,0.98122066,0.05667946,0.9745096,426,0.0027181195206921636
microglial cell,2,ENSG00000011600,33.649235,3.1993921304640606e-248,4.7920495330090695e-244,4.5403795,14.938977,0.64199317,0.9835681,0.06738324,0.97127265,426,0.0027181195206921636
microglial cell,3,ENSG00000204472,33.180458,2.0604630106293246e-241,2.0574409982137351e-237,4.307768,21.71741,1.096581,0.97417843,0.13832374,0.9647072,426,0.0027181195206921636
microglial cell,4,ENSG00000166710,33.05228,1.442573374348623e-239,1.0803432000496837e-235,2.5416791,31.78095,5.458147,0.9976526,0.7311772,0.962912,426,0.0027181195206921636
microglial cell,5,ENSG00000118785,32.712772,1.028134107585521e-234,6.159757065366374e-231,4.133152,161.93755,9.228792,0.97417843,0.23809981,0.958157,426,0.0027181195206921636
microglial cell,6,ENSG00000136156,32.568615,1.1414251539487551e-232,5.698755318614819e-229,2.3763068,29.41844,5.6660457,1.0,0.80701214,0.956138,426,0.0027181195206921636
microglial cell,7,ENSG00000148908,31.812746,4.3138729136771035e-222,1.8460911000301616e-218,3.2808623,11.785504,1.2125795,0.97652584,0.2271785,0.94555175,426,0.0027181195206921636
microglial cell,8,ENSG00000173369,31.547197,1.958991439291134e-218,7.335443444425651e-215,4.4598165,9.91246,0.45044616,0.92723006,0.054369804,0.9418326,426,0.0027181195206921636
microglial cell,9,ENSG00000128512,31.16204,3.484088452990654e-213,1.1596594855309782e-209,3.9011145,15.812572,1.0584004,0.9507042,0.34647474,0.9364384,426,0.0027181195206921636
microglial cell,10,ENSG00000026297,31.1056,2.0230960743474202e-212,6.060386600315132e-209,4.410544,6.646249,0.31251478,0.92253524,0.18476647,0.9356479,426,0.0027181195206921636
monocyte,1,ENSG00000204472,51.19351,0.0,0.0,5.042404,31.842613,0.9662595,0.987315,0.13545385,0.98194194,946,0.006036011893368044
monocyte,2,ENSG00000011600,49.642387,0.0,0.0,4.6386323,14.820871,0.5949854,0.9714588,0.06439851,0.9673395,946,0.006036011893368044
monocyte,3,ENSG00000166710,49.07668,0.0,0.0,2.6386075,33.38187,5.360566,0.9936575,0.730312,0.9620139,946,0.006036011893368044
monocyte,4,ENSG00000135218,48.420666,0.0,0.0,3.91062,17.436441,1.1594284,0.9693446,0.15263833,0.95583814,946,0.006036011893368044
monocyte,5,ENSG00000159189,48.219433,0.0,0.0,4.854734,17.021597,0.5882742,0.9397463,0.053845167,0.95394367,946,0.006036011893368044
monocyte,6,ENSG00000158869,48.163254,0.0,0.0,4.5214944,10.568161,0.46014428,0.94820297,0.06407755,0.9534148,946,0.006036011893368044
monocyte,7,ENSG00000111229,47.654022,0.0,0.0,2.4160187,13.5724,2.5430949,0.97885835,0.70426244,0.9486208,946,0.006036011893368044
monocyte,8,ENSG00000101439,47.292973,0.0,0.0,2.815703,27.777855,3.9453692,0.9852008,0.69828606,0.94522184,946,0.006036011893368044
monocyte,9,ENSG00000260314,47.225697,0.0,0.0,4.2574105,11.31119,0.59142536,0.93657506,0.06033509,0.94458854,946,0.006036011893368044
monocyte,10,ENSG00000129538,46.87222,0.0,0.0,4.4413943,59.14897,2.7224152,0.9334038,0.13698806,0.9412609,946,0.006036011893368044
mucosa-associated lymphoid tissue macrophage,1,ENSG00000133800,115.61575,0.0,0.0,6.2733955,29.63068,0.38305518,0.99223506,0.044228453,0.9910218,4765,0.030403379145770324
mucosa-associated lymphoid tissue macrophage,2,ENSG00000135218,114.61907,0.0,0.0,5.3168664,22.980259,0.5765257,0.9913956,0.13142188,0.98678887,4765,0.030403379145770324
mucosa-associated lymphoid tissue macrophage,3,ENSG00000260314,114.551,0.0,0.0,6.101416,14.736201,0.21462302,0.986149,0.036759432,0.9864998,4765,0.030403379145770324
mucosa-associated lymphoid tissue macrophage,4,ENSG00000129538,114.52472,0.0,0.0,5.7362185,63.034267,1.1825048,0.9901364,0.11519403,0.9863882,4765,0.030403379145770324
mucosa-associated lymphoid tissue macrophage,5,ENSG00000170458,114.46151,0.0,0.0,6.1126633,24.916033,0.36006743,0.98530954,0.04181336,0.98611975,4765,0.030403379145770324
mucosa-associated lymphoid tissue macrophage,6,ENSG00000104870,114.35532,0.0,0.0,3.7284982,23.016777,1.7364198,0.99244493,0.47930062,0.9856687,4765,0.030403379145770324
mucosa-associated lymphoid tissue macrophage,7,ENSG00000173372,114.28974,0.0,0.0,6.0454197,17.28919,0.26177123,0.9834208,0.03665414,0.98539025,4765,0.030403379145770324
mucosa-associated lymphoid tissue macrophage,8,ENSG00000165457,114.07067,0.0,0.0,5.871971,14.496124,0.2475212,0.9840504,0.033232212,0.9844598,4765,0.030403379145770324
mucosa-associated lymphoid tissue macrophage,9,ENSG00000100600,113.51488,0.0,0.0,4.8446493,21.693005,0.7549791,0.98656875,0.29138398,0.98209935,4765,0.030403379145770324
mucosa-associated lymphoid tissue macrophage,10,ENSG00000181804,112.80799,0.0,0.0,4.697837,12.943565,0.49872848,0.9842602,0.20380229,0.9790972,4765,0.030403379145770324
natural killer cell,1,ENSG00000105374,16.336838,5.398128300841989e-60,1.617063313800226e-55,12.121576,37.806133,0.008484071,0.97849464,0.003990219,0.98917717,93,0.0005933922897285709
natural killer cell,2,ENSG00000166710,15.477316,4.936450267388579e-54,7.393815210494614e-50,3.2795184,53.419247,5.501288,0.9892473,0.73174876,0.96344024,93,0.0005933922897285709
natural killer cell,3,ENSG00000081237,15.216869,2.7329878625523385e-52,2.7289794803539285e-48,5.9046774,9.219524,0.15389463,0.9247312,0.05925954,0.95564175,93,0.0005933922897285709
natural killer cell,4,ENSG00000145649,15.016419,5.732136350329021e-51,4.2927969127614032e-47,8.002144,12.720901,0.04961723,0.9032258,0.023475258,0.9496396,93,0.0005933922897285709
natural killer cell,5,ENSG00000111796,14.888798,3.8971511122216975e-50,2.3348611743542634e-46,10.772358,16.700735,0.009548443,0.8924731,0.004130675,0.9458182,93,0.0005933922897285709
natural killer cell,6,ENSG00000198821,14.869117,5.229898882017733e-50,2.61111418182872e-46,9.091584,8.384455,0.015368634,0.8924731,0.0064865,0.9452289,93,0.0005933922897285709
natural killer cell,7,ENSG00000122862,14.803426,1.3920873872667088e-49,5.957338538994504e-46,4.094002,14.619713,0.8560941,0.9354839,0.09771249,0.943262,93,0.0005933922897285709
natural killer cell,8,ENSG00000110848,14.674078,9.449087260562639e-49,3.53821072471768e-45,9.183163,20.898378,0.035950508,0.8817204,0.0111534605,0.9393888,93,0.0005933922897285709
natural killer cell,9,ENSG00000007264,14.312108,1.8385355374523016e-46,6.119463395546795e-43,8.17172,5.0597105,0.0175466,0.86021507,0.01357313,0.9285503,93,0.0005933922897285709
natural killer cell,10,ENSG00000172543,14.17765,1.2599395707893099e-45,3.774274978256457e-42,11.431364,7.2216578,0.0026148888,0.8494624,0.0015897034,0.9245242,93,0.0005933922897285709
neural crest cell,1,ENSG00000187514,30.170633,5.752880885881585e-200,1.7233329981746872e-195,2.3427615,81.38026,16.042704,0.99706745,0.8745596,0.9721619,341,0.0021757717290047597
neural crest cell,2,ENSG00000144485,29.741104,2.2601102789337058e-194,3.385193175786904e-190,4.7176456,13.4907,0.5127216,0.95894426,0.100118294,0.9654399,341,0.0021757717290047597
neural crest cell,3,ENSG00000148303,29.12334,1.8182044657435153e-186,1.815537765860425e-182,1.5371495,77.82773,26.816755,0.99120235,0.9237395,0.95577204,341,0.0021757717290047597
neural crest cell,4,ENSG00000122406,29.024096,3.267702269826481e-185,2.4471822298730517e-181,1.8746059,75.48774,20.585613,0.98533726,0.89767563,0.95421886,341,0.0021757717290047597
neural crest cell,5,ENSG00000145425,28.912046,8.425069910192405e-184,5.047627884594474e-180,1.6014899,78.62131,25.908588,0.9941349,0.92194265,0.95246536,341,0.0021757717290047597
neural crest cell,6,ENSG00000171863,28.897652,1.2778903923510596e-183,6.380080765544724e-180,1.6981382,75.275475,23.198662,0.9941349,0.9118266,0.9522401,341,0.0021757717290047597
neural crest cell,7,ENSG00000138326,28.802872,1.974474773600461e-182,8.449623759710773e-179,1.4655002,70.73639,25.614351,0.99120235,0.9385683,0.95075685,341,0.0021757717290047597
neural crest cell,8,ENSG00000064655,28.43645,7.168094201367948e-178,2.684092873702228e-174,4.461435,6.6670456,0.302627,0.9296188,0.14243054,0.94502246,341,0.0021757717290047597
neural crest cell,9,ENSG00000142676,28.422552,1.0646174647219833e-177,3.5435200859124146e-174,1.41874,82.1264,30.718464,0.99120235,0.94104934,0.9448047,341,0.0021757717290047597
neural crest cell,10,ENSG00000089009,28.30945,2.643949755642643e-176,7.920215888003101e-173,1.563365,51.375786,17.38356,0.99706745,0.8790549,0.94303495,341,0.0021757717290047597
neural progenitor cell,1,ENSG00000178568,92.83455,0.0,0.0,3.658864,13.060867,1.0340564,0.9355657,0.1255498,0.9323084,3942,0.025152176409785232
neural progenitor cell,2,ENSG00000179603,90.537445,0.0,0.0,3.809704,10.834971,0.7726674,0.9127346,0.1415986,0.92161137,3942,0.025152176409785232
neural progenitor cell,3,ENSG00000083067,89.12475,0.0,0.0,3.1010342,32.546257,3.7931216,0.94393706,0.25243482,0.91503274,3942,0.025152176409785232
neural progenitor cell,4,ENSG00000170558,86.47704,0.0,0.0,2.9978535,6.177863,0.7733827,0.9145104,0.20725992,0.90270305,3942,0.025152176409785232
neural progenitor cell,5,ENSG00000168702,82.29565,0.0,0.0,2.8884344,12.131209,1.6383198,0.9038559,0.26968792,0.8832312,3942,0.025152176409785232
neural progenitor cell,6,ENSG00000146242,82.01752,0.0,0.0,3.1238194,9.267707,1.0631853,0.88609844,0.35326996,0.881936,3942,0.025152176409785232
neural progenitor cell,7,ENSG00000162599,81.35991,0.0,0.0,1.9591197,15.891422,4.087041,0.9791984,0.64154625,0.8788737,3942,0.025152176409785232
neural progenitor cell,8,ENSG00000145934,80.342476,0.0,0.0,3.491175,8.685204,0.772381,0.8462709,0.20481202,0.8741358,3942,0.025152176409785232
neural progenitor cell,9,ENSG00000129596,79.80002,0.0,0.0,3.1512203,4.355286,0.49023566,0.8498224,0.21881218,0.8716096,3942,0.025152176409785232
neural progenitor cell,10,ENSG00000145147,78.83647,0.0,0.0,2.3813984,7.997671,1.5349393,0.90816844,0.29142448,0.86712265,3942,0.025152176409785232
neuroblast (sensu Vertebrata),1,ENSG00000167552,71.03117,0.0,0.0,3.4666286,98.69412,8.9275465,0.9983897,0.8114656,0.9779143,1863,0.011886987481336856
neuroblast (sensu Vertebrata),2,ENSG00000117632,70.03382,0.0,0.0,2.4312975,47.398357,8.78759,0.9951691,0.7951867,0.9712038,1863,0.011886987481336856
neuroblast (sensu Vertebrata),3,ENSG00000176788,69.64941,0.0,0.0,3.8783424,46.840313,3.185095,0.98013955,0.6068138,0.96861744,1863,0.011886987481336856
neuroblast (sensu Vertebrata),4,ENSG00000187514,68.78946,0.0,0.0,2.2184467,72.18682,15.51097,0.99624264,0.87336546,0.9628315,1863,0.011886987481336856
neuroblast (sensu Vertebrata),5,ENSG00000144834,68.25119,0.0,0.0,6.2503724,10.297728,0.13526699,0.93022007,0.04616984,0.95920986,1863,0.011886987481336856
neuroblast (sensu Vertebrata),6,ENSG00000189159,66.76603,0.0,0.0,2.6692173,18.723152,2.943503,0.9812131,0.6976166,0.94921744,1863,0.011886987481336856
neuroblast (sensu Vertebrata),7,ENSG00000176887,64.93833,0.0,0.0,3.5005429,16.817371,1.4859003,0.962963,0.4255503,0.93692017,1863,0.011886987481336856
neuroblast (sensu Vertebrata),8,ENSG00000179915,64.77024,0.0,0.0,5.3120823,13.369393,0.3365237,0.89479333,0.056688815,0.9357893,1863,0.011886987481336856
neuroblast (sensu Vertebrata),9,ENSG00000162374,63.588924,0.0,0.0,6.6690154,6.898605,0.06779342,0.8647343,0.024111634,0.92784107,1863,0.011886987481336856
neuroblast (sensu Vertebrata),10,ENSG00000137285,62.23574,0.0,0.0,3.209586,16.918026,1.8288077,0.949007,0.40002453,0.9187366,1863,0.011886987481336856
neuron,1,ENSG00000124766,37.363873,1.5095282960953658e-305,4.521942963783277e-301,3.43309,49.896687,4.6196456,0.96943974,0.6507426,0.94526917,589,0.003758151168280949
neuron,2,ENSG00000167552,36.889744,6.748470124372805e-298,1.0107858552285586e-293,3.0010037,77.959694,9.738184,0.9847199,0.8130424,0.9396188,589,0.003758151168280949
neuron,3,ENSG00000144485,36.594265,3.528630600737317e-293,3.5234552758562356e-289,6.0902166,29.430586,0.43197736,0.89643466,0.098989986,0.9360976,589,0.003758151168280949
neuron,4,ENSG00000125462,35.720608,1.892628003314231e-279,1.4173891116820274e-275,5.697675,11.461444,0.22083513,0.87096775,0.041226614,0.9256862,589,0.003758151168280949
neuron,5,ENSG00000189159,34.392918,3.217515094559186e-259,1.9276776434522997e-255,2.6244552,18.94017,3.071455,0.9439728,0.7000711,0.9098639,589,0.003758151168280949
neuron,6,ENSG00000187514,32.971603,2.0741187394000738e-238,1.0355383492911435e-234,1.8174677,56.508976,16.032644,0.9830221,0.87441796,0.89292616,589,0.003758151168280949
neuron,7,ENSG00000187323,32.639297,1.1368078737900076e-233,4.864888095321924e-230,6.596213,19.902708,0.20570944,0.79456705,0.03915792,0.8889659,589,0.003758151168280949
neuron,8,ENSG00000276644,32.16746,5.034425853921988e-227,1.8851407610010882e-223,3.4667597,13.721356,1.2410761,0.87606114,0.2888361,0.883343,589,0.003758151168280949
neuron,9,ENSG00000166165,31.887032,4.0393476947375995e-223,1.3444744393728838e-219,3.730143,13.826372,1.0418935,0.860781,0.24011604,0.88000107,589,0.003758151168280949
neuron,10,ENSG00000131711,31.2707,1.1681049986924252e-214,3.499175334083029e-211,2.9628863,18.528025,2.376356,0.87096775,0.5693654,0.8726561,589,0.003758151168280949
neuronal-restricted precursor,1,ENSG00000147862,54.65368,0.0,0.0,2.6313446,18.126995,2.9255815,0.98553056,0.5812441,0.94910765,1244,0.00793741944540153
neuronal-restricted precursor,2,ENSG00000276644,54.31617,0.0,0.0,3.66295,14.931603,1.1788231,0.96302253,0.2856665,0.94633424,1244,0.00793741944540153
neuronal-restricted precursor,3,ENSG00000169862,53.06485,0.0,0.0,4.5471864,8.426675,0.36042657,0.909164,0.12001389,0.93605167,1244,0.00793741944540153
neuronal-restricted precursor,4,ENSG00000007372,50.695034,0.0,0.0,6.041522,5.121191,0.07774843,0.846463,0.03082672,0.9165781,1244,0.00793741944540153
neuronal-restricted precursor,5,ENSG00000158164,48.11725,0.0,0.0,3.586102,7.428109,0.6185203,0.87138265,0.21860409,0.89539564,1244,0.00793741944540153
neuronal-restricted precursor,6,ENSG00000167552,48.072876,0.0,0.0,1.99081,38.80836,9.76409,0.9807074,0.8123513,0.89503103,1244,0.00793741944540153
neuronal-restricted precursor,7,ENSG00000245526,48.00798,0.0,0.0,4.9544606,6.6901865,0.21577294,0.82073957,0.06757052,0.8944977,1244,0.00793741944540153
neuronal-restricted precursor,8,ENSG00000166833,47.069157,0.0,0.0,3.6209369,8.571717,0.6967183,0.86012864,0.2386064,0.88678306,1244,0.00793741944540153
neuronal-restricted precursor,9,ENSG00000137285,46.900574,0.0,0.0,2.5598118,11.397771,1.9330354,0.91398716,0.40249032,0.8853978,1244,0.00793741944540153
neuronal-restricted precursor,10,ENSG00000166582,46.639965,0.0,0.0,3.84855,4.722294,0.32781133,0.8319936,0.15052547,0.88325626,1244,0.00793741944540153
oligodendrocyte precursor cell,1,ENSG00000137285,10.081248,6.687116023204836e-24,1.0841419248525407e-19,3.5951526,24.204046,2.0028076,1.0,0.40640637,0.9721569,38,0.0002424613656955451
oligodendrocyte precursor cell,2,ENSG00000139910,10.073464,7.238228901405667e-24,1.0841419248525407e-19,4.0282407,15.061429,0.9230919,0.9736842,0.3805397,0.9717919,38,0.0002424613656955451
oligodendrocyte precursor cell,3,ENSG00000078018,9.818168,9.403741896944701e-23,7.539990181005439e-19,4.6363254,14.262719,0.5734945,0.94736844,0.21640457,0.95983505,38,0.0002424613656955451
oligodendrocyte precursor cell,4,ENSG00000185565,9.811282,1.0068086768601201e-22,7.539990181005439e-19,3.8939066,27.874182,1.8750786,0.9736842,0.36404192,0.95951265,38,0.0002424613656955451
oligodendrocyte precursor cell,5,ENSG00000167552,9.755413,1.7488801489544825e-22,1.0477890748416096e-18,2.886335,73.78407,9.979051,1.0,0.8136424,0.9568958,38,0.0002424613656955451
oligodendrocyte precursor cell,6,ENSG00000187323,9.350488,8.724422092855026e-21,4.355813136892753e-17,6.0315795,18.017742,0.27543172,0.8947368,0.041790053,0.93793124,38,0.0002424613656955451
oligodendrocyte precursor cell,7,ENSG00000166582,9.228953,2.732888871986579e-20,1.1695202721318567e-16,3.7744322,4.9479113,0.36158013,0.92105263,0.15574901,0.9322391,38,0.0002424613656955451
oligodendrocyte precursor cell,8,ENSG00000175130,9.1867695,4.0481534525977636e-20,1.5158310603252325e-16,2.0539434,18.438578,4.4404693,0.9736842,0.6794266,0.93026394,38,0.0002424613656955451
oligodendrocyte precursor cell,9,ENSG00000150625,9.03257,1.6768599669629533e-19,5.581335241149137e-16,3.6904116,9.741017,0.75453556,0.92105263,0.19251634,0.9230415,38,0.0002424613656955451
oligodendrocyte precursor cell,10,ENSG00000066032,9.003818,2.180016820562995e-19,6.530458387678508e-16,5.266115,7.596827,0.19741203,0.8684211,0.055620085,0.9216949,38,0.0002424613656955451
pericyte,1,ENSG00000134871,98.55751,0.0,0.0,2.7217362,25.415438,3.8527725,0.99190485,0.53809243,0.95833635,3953,0.025222362594591836
pericyte,2,ENSG00000187498,98.483154,0.0,0.0,2.9737885,27.783026,3.5365512,0.98962814,0.49466202,0.9579906,3953,0.025222362594591836
pericyte,3,ENSG00000185532,97.99318,0.0,0.0,3.6871169,23.508007,1.8250847,0.9774855,0.31918597,0.95571196,3953,0.025222362594591836
pericyte,4,ENSG00000151468,97.208084,0.0,0.0,4.931442,9.683254,0.31732878,0.93043256,0.11889535,0.95206094,3953,0.025222362594591836
pericyte,5,ENSG00000185633,96.56626,0.0,0.0,5.6036396,13.39002,0.2753706,0.917784,0.08140837,0.9490761,3953,0.025222362594591836
pericyte,6,ENSG00000164741,96.42577,0.0,0.0,3.1592586,19.751204,2.2108636,0.9787503,0.48755997,0.94842285,3953,0.025222362594591836
pericyte,7,ENSG00000122786,94.25355,0.0,0.0,2.3100939,20.993027,4.2331877,0.9848217,0.62124854,0.938321,3953,0.025222362594591836
pericyte,8,ENSG00000128641,93.76589,0.0,0.0,3.640391,8.79617,0.7053858,0.9339742,0.27248925,0.9360532,3953,0.025222362594591836
pericyte,9,ENSG00000188290,93.64057,0.0,0.0,3.2079759,13.982941,1.5132183,0.95800656,0.36493358,0.93547034,3953,0.025222362594591836
pericyte,10,ENSG00000113721,92.72038,0.0,0.0,3.4164531,8.080789,0.75683093,0.9390336,0.3162797,0.9311911,3953,0.025222362594591836
perivascular cell,1,ENSG00000164741,64.06013,0.0,0.0,2.8278522,17.527603,2.4686198,0.97294486,0.49407637,0.92442536,1922,0.012263440654390464
perivascular cell,2,ENSG00000134871,62.633007,0.0,0.0,2.3488648,21.326681,4.1864367,0.9828304,0.54415905,0.9149701,1922,0.012263440654390464
perivascular cell,3,ENSG00000182492,61.942608,0.0,0.0,2.733612,11.224818,1.687641,0.94120705,0.41818687,0.9103959,1922,0.012263440654390464
perivascular cell,4,ENSG00000187498,61.744957,0.0,0.0,2.47919,21.900257,3.9277031,0.9640999,0.50147283,0.90908635,1922,0.012263440654390464
perivascular cell,5,ENSG00000185532,57.23004,0.0,0.0,2.6431136,13.921439,2.2285771,0.92403746,0.32848635,0.8791732,1922,0.012263440654390464
perivascular cell,6,ENSG00000151491,55.772976,0.0,0.0,2.542855,7.629618,1.3092638,0.89282,0.43009225,0.8695195,1922,0.012263440654390464
perivascular cell,7,ENSG00000122786,55.604637,0.0,0.0,1.8086325,15.824366,4.5172453,0.95369405,0.626405,0.8684041,1922,0.012263440654390464
perivascular cell,8,ENSG00000188290,54.84163,0.0,0.0,2.5594895,10.164366,1.7242378,0.9032258,0.37339476,0.86334896,1922,0.012263440654390464
perivascular cell,9,ENSG00000151468,54.458996,0.0,0.0,3.4290855,5.324417,0.4943272,0.80124867,0.13114648,0.8608138,1922,0.012263440654390464
perivascular cell,10,ENSG00000164330,53.30929,0.0,0.0,2.1580942,8.7138,1.9523449,0.9110302,0.41942716,0.85319656,1922,0.012263440654390464
perivascular macrophage,1,ENSG00000173372,6.7417893,1.564477667403142e-11,7.92754600663974e-08,4.9573455,24.142063,0.7770781,1.0,0.065343626,0.9865731,16,0.00010208899608233478
perivascular macrophage,2,ENSG00000173369,6.700419,2.078227336797712e-11,7.92754600663974e-08,4.697333,12.322288,0.47495586,1.0,0.056646034,0.9835873,16,0.00010208899608233478
perivascular macrophage,3,ENSG00000174600,6.6998,2.0870481835469807e-11,7.92754600663974e-08,4.7778554,1.5675591,0.05714077,1.0,0.037668303,0.9835426,16,0.00010208899608233478
perivascular macrophage,4,ENSG00000163565,6.6655364,2.637008107705285e-11,7.92754600663974e-08,3.985085,7.07811,0.4469791,1.0,0.14603408,0.9810699,16,0.00010208899608233478
perivascular macrophage,5,ENSG00000159189,6.632593,3.2984042258093895e-11,7.92754600663974e-08,4.3802047,14.287154,0.6860768,1.0,0.05909642,0.9786921,16,0.00010208899608233478
perivascular macrophage,6,ENSG00000173193,6.628476,3.391699809798373e-11,7.92754600663974e-08,5.05206,6.224501,0.18762162,1.0,0.13869569,0.978395,16,0.00010208899608233478
perivascular macrophage,7,ENSG00000155659,6.6240444,3.495020130117524e-11,7.92754600663974e-08,4.5837355,7.0582714,0.29434484,1.0,0.050717887,0.97807515,16,0.00010208899608233478
perivascular macrophage,8,ENSG00000166710,6.6237125,3.502872489567202e-11,7.92754600663974e-08,2.8037255,38.58732,5.5263596,1.0,0.73187417,0.97805125,16,0.00010208899608233478
perivascular macrophage,9,ENSG00000104870,6.607491,3.9088752135276214e-11,7.92754600663974e-08,3.2098565,22.034279,2.3814187,1.0,0.49485037,0.9768805,16,0.00010208899608233478
perivascular macrophage,10,ENSG00000010327,6.603004,4.029085256839622e-11,7.92754600663974e-08,4.220017,8.168707,0.4383304,1.0,0.083696,0.9765566,16,0.00010208899608233478
pinealocyte,1,ENSG00000164199,44.883392,0.0,0.0,4.1726184,10.119689,0.56115633,0.9576784,0.13374685,0.9517442,827,0.005276724985005679
pinealocyte,2,ENSG00000170558,44.299583,0.0,0.0,3.3057313,8.588846,0.8685814,0.974607,0.22107261,0.94586825,827,0.005276724985005679
pinealocyte,3,ENSG00000083067,43.711937,0.0,0.0,3.2872565,42.142193,4.3167243,0.99032646,0.26600555,0.9399536,827,0.005276724985005679
pinealocyte,4,ENSG00000165588,42.031765,0.0,0.0,3.7556086,4.3554187,0.3224624,0.9153567,0.1006485,0.92304295,827,0.005276724985005679
pinealocyte,5,ENSG00000243620,41.959854,0.0,0.0,3.0745218,42.18065,5.007143,0.99274486,0.571556,0.9223192,827,0.005276724985005679
pinealocyte,6,ENSG00000248550,41.68006,0.0,0.0,4.1457286,6.2431774,0.3527094,0.8972189,0.08308584,0.91950315,827,0.005276724985005679
pinealocyte,7,ENSG00000146242,41.600887,0.0,0.0,3.0192459,9.920647,1.2236477,0.95042324,0.36357513,0.91870624,827,0.005276724985005679
pinealocyte,8,ENSG00000145934,41.586647,0.0,0.0,3.6231737,11.294984,0.916646,0.92503023,0.21721114,0.91856295,827,0.005276724985005679
pinealocyte,9,ENSG00000162599,41.29909,0.0,0.0,2.3802133,22.327534,4.288695,0.9975816,0.6481953,0.9156687,827,0.005276724985005679
pinealocyte,10,ENSG00000150471,40.576397,0.0,0.0,2.4464629,12.863838,2.3599992,0.9830713,0.51004815,0.90839493,827,0.005276724985005679
platelet,1,ENSG00000251562,10.831265,2.44748009568241e-27,7.331671374626227e-23,2.943258,1701.4381,221.21126,1.0,0.963614,0.9661718,45,0.00028712530148156654
platelet,2,ENSG00000180573,10.471695,1.1653756478349969e-25,1.35113809797926e-21,5.057299,31.177464,0.93635815,0.93333334,0.35620785,0.95069605,45,0.00028712530148156654
platelet,3,ENSG00000185305,10.457548,1.3531226779068566e-25,1.35113809797926e-21,4.946143,27.683907,0.89802814,0.93333334,0.3053976,0.95008725,45,0.00028712530148156654
platelet,4,ENSG00000166710,9.627293,6.132407284276675e-22,4.5925598151948014e-18,3.5257695,63.49763,5.513091,0.93333334,0.7318437,0.9143537,45,0.00028712530148156654
platelet,5,ENSG00000187837,9.566074,1.1104225101418969e-21,6.652763342762133e-18,4.8945646,30.01421,1.0090579,0.8888889,0.3153286,0.9117187,45,0.00028712530148156654
platelet,6,ENSG00000132475,9.441992,3.657588253418833e-21,1.6266759307997888e-17,1.9221007,68.66631,18.11898,0.9777778,0.8927949,0.90637857,45,0.00028712530148156654
platelet,7,ENSG00000179399,9.423953,4.344173937240724e-21,1.6266759307997888e-17,7.2504444,18.631523,0.12236217,0.82222223,0.042021688,0.9056019,45,0.00028712530148156654
platelet,8,ENSG00000111640,-9.435057,3.9078224252278505e-21,1.6266759307997888e-17,-3.4990454,1.6203387,18.319914,0.35555556,0.8964776,0.0939202,45,0.00028712530148156654
platelet,9,ENSG00000092841,-9.405131,5.196513737633976e-21,1.7296307280507044e-17,-2.362927,2.510018,12.911858,0.5777778,0.94649637,0.095208384,45,0.00028712530148156654
platelet,10,ENSG00000234745,9.386146,6.2236313037059786e-21,1.864350993338163e-17,4.9991827,8.398838,0.26261243,0.84444445,0.1068732,0.90397465,45,0.00028712530148156654
promyelocyte,1,ENSG00000005381,16.78889,2.942955667023332e-63,8.815917996135093e-59,12.86358,92.204216,0.012371644,0.97959185,0.0032752764,0.9897287,98,0.0006252951010043005
promyelocyte,2,ENSG00000090382,16.581291,9.51614941995333e-62,1.4253288601206097e-57,9.670746,177.74226,0.21807507,0.96938777,0.027817504,0.98367304,98,0.0006252951010043005
promyelocyte,3,ENSG00000122862,16.542015,1.82805292680296e-61,1.825371782510316e-57,6.2365603,62.271267,0.82584,0.97959185,0.09765814,0.9825274,98,0.0006252951010043005
promyelocyte,4,ENSG00000172232,16.074284,3.8642978327315225e-58,2.893972646932637e-54,11.130452,34.138767,0.015228173,0.93877554,0.011670966,0.96888375,98,0.0006252951010043005
promyelocyte,5,ENSG00000149516,15.385564,2.0458669538918113e-53,1.225719809415662e-49,10.974861,6.964486,0.003460402,0.8979592,0.0006193018,0.94879395,98,0.0006252951010043005
promyelocyte,6,ENSG00000111348,15.328008,4.970001545116407e-53,2.4813561047584516e-49,4.356337,6.739545,0.32903525,0.9285714,0.108805574,0.94711506,98,0.0006252951010043005
promyelocyte,7,ENSG00000104918,15.160127,6.494409110465633e-52,2.779235990187264e-48,6.7961907,21.965326,0.19764253,0.8979592,0.038645707,0.942218,98,0.0006252951010043005
promyelocyte,8,ENSG00000075884,15.134821,9.544040825969127e-52,3.534173359080059e-48,5.753594,7.1248636,0.13206027,0.90816325,0.049812295,0.9414798,98,0.0006252951010043005
promyelocyte,9,ENSG00000148655,15.127804,1.0618093280718564e-51,3.534173359080059e-48,3.8161561,10.238932,0.72690415,0.9591837,0.17211482,0.9412751,98,0.0006252951010043005
promyelocyte,10,ENSG00000136167,14.925281,2.2568286103464833e-50,6.760555785153926e-47,4.956038,4.802144,0.15471025,0.8979592,0.048586458,0.9353676,98,0.0006252951010043005
radial glial cell,1,ENSG00000145147,47.535255,0.0,0.0,3.5052693,18.033644,1.5881528,0.94721687,0.30265152,0.92652184,1042,0.006648545869862053
radial glial cell,2,ENSG00000146242,45.314545,0.0,0.0,2.896453,9.064517,1.2173781,0.92706335,0.36292106,0.906596,1042,0.006648545869862053
radial glial cell,3,ENSG00000178568,44.35371,0.0,0.0,3.409999,13.352056,1.2561346,0.88675624,0.14096503,0.8979746,1042,0.006648545869862053
radial glial cell,4,ENSG00000067225,44.216022,0.0,0.0,2.3455908,10.8161335,2.1280353,0.9539347,0.56652576,0.89673924,1042,0.006648545869862053
radial glial cell,5,ENSG00000176771,42.34854,0.0,0.0,4.4272804,10.055587,0.46737254,0.82149714,0.148962,0.87998277,1042,0.006648545869862053
radial glial cell,6,ENSG00000145934,42.200638,0.0,0.0,3.1469448,8.177329,0.92318064,0.86372364,0.21664397,0.8786556,1042,0.006648545869862053
radial glial cell,7,ENSG00000170558,41.64482,0.0,0.0,2.8143597,6.1495337,0.87424976,0.8733205,0.2207099,0.87366843,1042,0.006648545869862053
radial glial cell,8,ENSG00000162599,41.25656,0.0,0.0,1.9519526,16.643818,4.301864,0.9798465,0.6478315,0.8701848,1042,0.006648545869862053
radial glial cell,9,ENSG00000169862,41.131363,0.0,0.0,3.8239818,5.527504,0.3902976,0.80614203,0.12172735,0.86906135,1042,0.006648545869862053
radial glial cell,10,ENSG00000276644,40.265594,0.0,0.0,2.5957034,7.5329213,1.2461746,0.8752399,0.28713292,0.861293,1042,0.006648545869862053
reticulocyte,1,ENSG00000284931,206.04678,0.0,0.0,4.3142347,3998.1963,200.9787,1.0,0.9042246,0.9926944,16262,0.10376070339318301
reticulocyte,2,ENSG00000188536,205.55325,0.0,0.0,3.9656854,2658.4294,170.15115,0.9999385,0.95314103,0.9915143,16262,0.10376070339318301
reticulocyte,3,ENSG00000244734,202.40572,0.0,0.0,6.0304356,497.1984,7.60655,0.98751694,0.44560173,0.9839879,16262,0.10376070339318301
reticulocyte,4,ENSG00000206172,199.54422,0.0,0.0,3.4803133,1491.9674,133.68437,0.9998155,0.892314,0.9771456,16262,0.10376070339318301
reticulocyte,5,ENSG00000145335,183.08963,0.0,0.0,3.5678833,20.055328,1.6911802,0.9423195,0.5043214,0.9377998,16262,0.10376070339318301
reticulocyte,6,ENSG00000147454,169.1744,0.0,0.0,2.2752812,25.067942,5.1783423,0.98302794,0.4940483,0.904526,16262,0.10376070339318301
reticulocyte,7,ENSG00000158578,160.11609,0.0,0.0,3.746358,15.477991,1.1533164,0.8410405,0.13928837,0.88286597,16262,0.10376070339318301
reticulocyte,8,ENSG00000169877,132.6184,0.0,0.0,2.0912206,16.426867,3.8550906,0.79061615,0.18788444,0.8171141,16262,0.10376070339318301
reticulocyte,9,ENSG00000213934,131.55547,0.0,0.0,3.4472208,4.7899256,0.43914902,0.69997543,0.09425902,0.81457245,16262,0.10376070339318301
reticulocyte,10,ENSG00000206177,126.443504,0.0,0.0,2.2411082,20.368727,4.3084702,0.7566105,0.19757375,0.80234885,16262,0.10376070339318301
retinal cell,1,ENSG00000108018,8.941122,3.8523982166215695e-19,8.426994358829785e-15,6.610492,9.07825,0.092906415,1.0,0.042565685,0.99677336,27,0.00017227518088893992
retinal cell,2,ENSG00000188517,8.899177,5.626248069722116e-19,8.426994358829785e-15,6.2043386,12.066739,0.16364317,1.0,0.07973248,0.9944429,27,0.00017227518088893992
retinal cell,3,ENSG00000134438,8.651473,5.083877721837347e-18,5.076421367845319e-14,8.69738,5.930486,0.014286242,0.962963,0.009157685,0.98068035,27,0.00017227518088893992
retinal cell,4,ENSG00000138083,8.502328,1.8582576235557713e-17,1.391649134280917e-13,5.54644,4.441936,0.09504458,0.962963,0.03402064,0.97239375,27,0.00017227518088893992
retinal cell,5,ENSG00000149972,8.41978,3.771914859843087e-17,2.2598296308291904e-13,4.421974,10.862876,0.5067549,1.0,0.12424457,0.96780735,27,0.00017227518088893992
retinal cell,6,ENSG00000184302,8.318325,8.921507215087078e-17,4.454211168919142e-13,9.313756,3.8594,0.0060645654,0.9259259,0.0024505581,0.9621705,27,0.00017227518088893992
retinal cell,7,ENSG00000153944,8.289632,1.1359995875702589e-16,4.861429092179239e-13,2.49159,12.433861,2.2108672,1.0,0.57838273,0.96057624,27,0.00017227518088893992
retinal cell,8,ENSG00000205213,8.140411,3.939360534367036e-16,1.4750935520937367e-12,3.84966,6.19152,0.4294713,0.962963,0.2207672,0.9522857,27,0.00017227518088893992
retinal cell,9,ENSG00000181449,8.085607,6.185553289439228e-16,2.0588270482049057e-12,3.8870668,5.805778,0.39240694,0.962963,0.10873075,0.9492406,27,0.00017227518088893992
retinal cell,10,ENSG00000135298,7.9338813,2.12401134297235e-15,6.362688379007972e-12,3.5276027,6.474868,0.5614572,0.962963,0.14732066,0.94081056,27,0.00017227518088893992
retinal ganglion cell,1,ENSG00000148948,15.210908,2.9936058365207642e-52,8.9676456438816e-48,4.7595124,13.454334,0.49671373,1.0,0.18094301,0.99105686,80,0.0005104449804116739
retinal ganglion cell,2,ENSG00000181449,14.53643,7.120993165532749e-48,1.0665823563334951e-43,4.012761,6.3006673,0.3903238,0.9875,0.10842919,0.9692824,80,0.0005104449804116739
retinal ganglion cell,3,ENSG00000081138,14.226239,6.297880816576935e-46,6.288643924712623e-42,5.6476946,4.7548885,0.09484509,0.9375,0.057537377,0.95926857,80,0.0005104449804116739
retinal ganglion cell,4,ENSG00000106689,14.186683,1.1077604295799226e-45,6.904332154979584e-42,6.46675,3.242825,0.036663827,0.925,0.018736513,0.9579916,80,0.0005104449804116739
retinal ganglion cell,5,ENSG00000138771,14.18391,1.152412230434568e-45,6.904332154979584e-42,3.8009126,5.5887275,0.40098143,0.975,0.19316165,0.9579021,80,0.0005104449804116739
retinal ganglion cell,6,ENSG00000134532,13.849501,1.2810002928759746e-43,6.395607462232116e-40,3.044233,8.554726,1.0370523,0.9875,0.249684,0.94710624,80,0.0005104449804116739
retinal ganglion cell,7,ENSG00000182985,13.76081,4.385880258254723e-43,1.8769061288039784e-39,3.0332139,6.2055144,0.75803536,0.975,0.22326775,0.94424313,80,0.0005104449804116739
retinal ganglion cell,8,ENSG00000175183,13.706536,9.278264845327354e-43,3.4742462713328274e-39,2.4261518,8.976403,1.6701593,0.9875,0.4578604,0.9424909,80,0.0005104449804116739
retinal ganglion cell,9,ENSG00000116194,13.606074,3.685117800756901e-42,1.2265709871052638e-38,3.1785033,4.705725,0.5197587,0.9625,0.2542995,0.93924767,80,0.0005104449804116739
retinal ganglion cell,10,ENSG00000184613,13.5078125,1.406375895620088e-41,4.212939632919535e-38,3.0415955,6.061651,0.73617226,0.975,0.22721933,0.9360753,80,0.0005104449804116739
smooth muscle cell,1,ENSG00000149591,58.680126,0.0,0.0,5.518772,63.64943,1.3882849,0.97265625,0.24075241,0.9754201,1280,0.008167119686586783
smooth muscle cell,2,ENSG00000107796,56.32617,0.0,0.0,8.910363,65.517235,0.13616613,0.91875,0.0556206,0.95634866,1280,0.008167119686586783
smooth muscle cell,3,ENSG00000122786,55.454464,0.0,0.0,2.7252216,29.438282,4.451834,0.978125,0.62755555,0.9492861,1280,0.008167119686586783
smooth muscle cell,4,ENSG00000101335,55.361282,0.0,0.0,4.372127,17.635065,0.8516001,0.940625,0.33560207,0.9485312,1280,0.008167119686586783
smooth muscle cell,5,ENSG00000198467,53.843834,0.0,0.0,3.3481932,20.722322,2.0348473,0.95,0.51895833,0.936237,1280,0.008167119686586783
smooth muscle cell,6,ENSG00000134871,53.84305,0.0,0.0,2.484702,23.718075,4.2374983,0.9867188,0.5459388,0.9362306,1280,0.008167119686586783
smooth muscle cell,7,ENSG00000213949,52.28138,0.0,0.0,4.3350544,9.273874,0.4594939,0.8953125,0.16744721,0.9235782,1280,0.008167119686586783
smooth muscle cell,8,ENSG00000187498,52.077602,0.0,0.0,2.6412563,24.817135,3.9779036,0.9703125,0.5033324,0.92192715,1280,0.008167119686586783
smooth muscle cell,9,ENSG00000187479,50.449806,0.0,0.0,3.6005821,13.808753,1.1383381,0.91328126,0.23265314,0.908739,1280,0.008167119686586783
smooth muscle cell,10,ENSG00000122545,50.203804,0.0,0.0,1.9715304,16.848516,4.2960753,0.95234376,0.7628694,0.9067458,1280,0.008167119686586783
spinal cord radial glial cell,1,ENSG00000116729,5.405831,6.450868402509116e-08,0.0005839809754477881,3.0521572,13.798942,1.6636232,1.0,0.52150416,0.9505046,12,7.656674706175108e-05
spinal cord radial glial cell,2,ENSG00000111783,5.3927565,6.938493617350352e-08,0.0005839809754477881,5.2884154,6.7033653,0.17152256,0.9166667,0.042038362,0.949415,12,7.656674706175108e-05
spinal cord radial glial cell,3,ENSG00000178568,5.3774905,7.553119496544312e-08,0.0005839809754477881,3.5576177,15.724516,1.3354502,1.0,0.14585806,0.94814277,12,7.656674706175108e-05
spinal cord radial glial cell,4,ENSG00000164434,5.3717446,7.797849852420726e-08,0.0005839809754477881,5.6737075,13.095686,0.25655,0.9166667,0.06784333,0.94766396,12,7.656674706175108e-05
spinal cord radial glial cell,5,ENSG00000091592,5.290144,1.2222014658227196e-07,0.0007322453422037077,4.7989454,18.011984,0.64704573,0.9166667,0.32676086,0.9408636,12,7.656674706175108e-05
spinal cord radial glial cell,6,ENSG00000146242,5.218478,1.8039928150006825e-07,0.0007719684504224818,3.87966,18.667526,1.2682146,0.9166667,0.36662966,0.9348909,12,7.656674706175108e-05
spinal cord radial glial cell,7,ENSG00000145147,5.198988,2.0037644706521648e-07,0.0007719684504224818,3.243162,16.062603,1.6963947,1.0,0.30688387,0.933267,12,7.656674706175108e-05
spinal cord radial glial cell,8,ENSG00000163132,5.193695,2.0616062235878806e-07,0.0007719684504224818,3.6571598,38.46942,3.0493047,1.0,0.52958256,0.93282586,12,7.656674706175108e-05
spinal cord radial glial cell,9,ENSG00000196220,5.0352445,4.772398482774971e-07,0.0015884663216667449,3.1759956,3.6219087,0.4007445,0.9166667,0.21726201,0.91962135,12,7.656674706175108e-05
spinal cord radial glial cell,10,ENSG00000233101,4.976388,6.478176294299063e-07,0.0019406024907202275,7.9662404,7.7246385,0.030888788,0.8333333,0.011913422,0.9147162,12,7.656674706175108e-05
tip cell,1,ENSG00000172889,41.338707,0.0,0.0,3.7135847,15.8546715,1.2085284,0.9969088,0.26028484,0.9701255,647,0.004128223779079412
tip cell,2,ENSG00000131477,40.992954,0.0,0.0,3.1038046,16.00713,1.8619809,0.98918086,0.45856264,0.96619344,647,0.004128223779079412
tip cell,3,ENSG00000102755,40.706482,0.0,0.0,4.102323,8.425961,0.4905656,0.9721793,0.058912475,0.9629355,647,0.004128223779079412
tip cell,4,ENSG00000163762,40.640797,0.0,0.0,5.3381286,5.5011563,0.13599321,0.9459042,0.055901177,0.9621885,647,0.004128223779079412
tip cell,5,ENSG00000102760,40.629982,0.0,0.0,3.9571881,18.870516,1.2149305,0.97527045,0.31903076,0.9620655,647,0.004128223779079412
tip cell,6,ENSG00000127920,39.636276,0.0,0.0,3.2181368,9.971445,1.0715252,0.9613601,0.3910712,0.9507645,647,0.004128223779079412
tip cell,7,ENSG00000078596,39.44613,0.0,0.0,3.2317243,38.975063,4.1489754,0.9799073,0.44686344,0.94860214,647,0.004128223779079412
tip cell,8,ENSG00000188643,38.953426,0.0,0.0,4.3486214,5.2054777,0.2555025,0.92272025,0.10931644,0.9429988,647,0.004128223779079412
tip cell,9,ENSG00000164120,38.947655,0.0,0.0,5.555589,9.896826,0.21042478,0.9088099,0.08979427,0.9429332,647,0.004128223779079412
tip cell,10,ENSG00000174059,38.94592,0.0,0.0,5.0917935,3.4887667,0.10230324,0.91344666,0.047610506,0.9429134,647,0.004128223779079412
vein endothelial cell,1,ENSG00000110799,38.604794,0.0,0.0,6.17267,12.7615185,0.1769064,0.98285717,0.06737473,0.9871929,525,0.0033497951839516096
vein endothelial cell,2,ENSG00000112414,37.70042,0.0,0.0,5.7264123,6.7174635,0.12687716,0.96761906,0.047202002,0.9757797,525,0.0033497951839516096
vein endothelial cell,3,ENSG00000027075,37.32901,5.554986560093429e-305,5.546839246471959e-301,4.8086357,7.806518,0.27855685,0.9752381,0.076164685,0.9710925,525,0.0033497951839516096
vein endothelial cell,4,ENSG00000064042,37.11786,1.4473245411619664e-301,1.0839013488761966e-297,4.42947,9.51569,0.44160795,0.9771429,0.1221439,0.9684278,525,0.0033497951839516096
vein endothelial cell,5,ENSG00000078596,36.98464,2.022230814611955e-299,1.2115589256503146e-295,3.7578864,55.73377,4.119855,0.992381,0.44723785,0.9667465,525,0.0033497951839516096
vein endothelial cell,6,ENSG00000170011,36.937157,1.1709741816759393e-298,5.84628376438074e-295,5.1626997,7.79481,0.21760957,0.95809525,0.06620956,0.96614736,525,0.0033497951839516096
vein endothelial cell,7,ENSG00000106991,36.93,1.525543081825547e-298,6.52845265130944e-295,3.8417466,6.6713448,0.4652993,0.9752381,0.19678491,0.966057,525,0.0033497951839516096
vein endothelial cell,8,ENSG00000088387,36.747944,1.2538810746815114e-295,4.695157684144919e-292,4.231546,6.376768,0.33945203,0.9714286,0.13346906,0.9637595,525,0.0033497951839516096
vein endothelial cell,9,ENSG00000184113,36.540855,2.4912382483333065e-292,8.291948107452504e-289,3.8687606,33.897354,2.3203464,0.9847619,0.2069769,0.96114606,525,0.0033497951839516096
vein endothelial cell,10,ENSG00000085276,36.52324,4.744169516580405e-292,1.4211634203868261e-288,3.6828675,8.823621,0.6870578,0.9866667,0.1508249,0.9609237,525,0.0033497951839516096
